-- 1. Заполнить все таблицы БД vk данными (по 10-100 записей в каждой таблице)

USE vk;

#
# TABLE STRUCTURE FOR: communities
#

INSERT INTO `communities` (`id`, `name`) VALUES ('3', 'a');
INSERT INTO `communities` (`id`, `name`) VALUES ('92', 'a');
INSERT INTO `communities` (`id`, `name`) VALUES ('100', 'a');
INSERT INTO `communities` (`id`, `name`) VALUES ('5', 'alias');
INSERT INTO `communities` (`id`, `name`) VALUES ('76', 'aliquam');
INSERT INTO `communities` (`id`, `name`) VALUES ('7', 'amet');
INSERT INTO `communities` (`id`, `name`) VALUES ('67', 'amet');
INSERT INTO `communities` (`id`, `name`) VALUES ('15', 'assumenda');
INSERT INTO `communities` (`id`, `name`) VALUES ('33', 'assumenda');
INSERT INTO `communities` (`id`, `name`) VALUES ('46', 'assumenda');
INSERT INTO `communities` (`id`, `name`) VALUES ('56', 'at');
INSERT INTO `communities` (`id`, `name`) VALUES ('78', 'atque');
INSERT INTO `communities` (`id`, `name`) VALUES ('16', 'aut');
INSERT INTO `communities` (`id`, `name`) VALUES ('20', 'aut');
INSERT INTO `communities` (`id`, `name`) VALUES ('52', 'aut');
INSERT INTO `communities` (`id`, `name`) VALUES ('58', 'aut');
INSERT INTO `communities` (`id`, `name`) VALUES ('97', 'aut');
INSERT INTO `communities` (`id`, `name`) VALUES ('2', 'beatae');
INSERT INTO `communities` (`id`, `name`) VALUES ('43', 'beatae');
INSERT INTO `communities` (`id`, `name`) VALUES ('61', 'corporis');
INSERT INTO `communities` (`id`, `name`) VALUES ('21', 'cumque');
INSERT INTO `communities` (`id`, `name`) VALUES ('53', 'cumque');
INSERT INTO `communities` (`id`, `name`) VALUES ('38', 'distinctio');
INSERT INTO `communities` (`id`, `name`) VALUES ('72', 'dolor');
INSERT INTO `communities` (`id`, `name`) VALUES ('73', 'dolor');
INSERT INTO `communities` (`id`, `name`) VALUES ('42', 'eius');
INSERT INTO `communities` (`id`, `name`) VALUES ('79', 'eligendi');
INSERT INTO `communities` (`id`, `name`) VALUES ('85', 'eligendi');
INSERT INTO `communities` (`id`, `name`) VALUES ('70', 'enim');
INSERT INTO `communities` (`id`, `name`) VALUES ('94', 'enim');
INSERT INTO `communities` (`id`, `name`) VALUES ('65', 'error');
INSERT INTO `communities` (`id`, `name`) VALUES ('26', 'est');
INSERT INTO `communities` (`id`, `name`) VALUES ('6', 'et');
INSERT INTO `communities` (`id`, `name`) VALUES ('12', 'et');
INSERT INTO `communities` (`id`, `name`) VALUES ('28', 'et');
INSERT INTO `communities` (`id`, `name`) VALUES ('44', 'et');
INSERT INTO `communities` (`id`, `name`) VALUES ('45', 'et');
INSERT INTO `communities` (`id`, `name`) VALUES ('64', 'et');
INSERT INTO `communities` (`id`, `name`) VALUES ('71', 'et');
INSERT INTO `communities` (`id`, `name`) VALUES ('74', 'et');
INSERT INTO `communities` (`id`, `name`) VALUES ('88', 'et');
INSERT INTO `communities` (`id`, `name`) VALUES ('10', 'eum');
INSERT INTO `communities` (`id`, `name`) VALUES ('27', 'ex');
INSERT INTO `communities` (`id`, `name`) VALUES ('50', 'ex');
INSERT INTO `communities` (`id`, `name`) VALUES ('31', 'excepturi');
INSERT INTO `communities` (`id`, `name`) VALUES ('47', 'harum');
INSERT INTO `communities` (`id`, `name`) VALUES ('29', 'in');
INSERT INTO `communities` (`id`, `name`) VALUES ('66', 'incidunt');
INSERT INTO `communities` (`id`, `name`) VALUES ('68', 'ipsa');
INSERT INTO `communities` (`id`, `name`) VALUES ('41', 'ipsam');
INSERT INTO `communities` (`id`, `name`) VALUES ('1', 'iste');
INSERT INTO `communities` (`id`, `name`) VALUES ('75', 'laboriosam');
INSERT INTO `communities` (`id`, `name`) VALUES ('57', 'laborum');
INSERT INTO `communities` (`id`, `name`) VALUES ('22', 'libero');
INSERT INTO `communities` (`id`, `name`) VALUES ('80', 'maiores');
INSERT INTO `communities` (`id`, `name`) VALUES ('8', 'modi');
INSERT INTO `communities` (`id`, `name`) VALUES ('37', 'molestiae');
INSERT INTO `communities` (`id`, `name`) VALUES ('90', 'molestiae');
INSERT INTO `communities` (`id`, `name`) VALUES ('49', 'nam');
INSERT INTO `communities` (`id`, `name`) VALUES ('84', 'nemo');
INSERT INTO `communities` (`id`, `name`) VALUES ('17', 'nihil');
INSERT INTO `communities` (`id`, `name`) VALUES ('18', 'nihil');
INSERT INTO `communities` (`id`, `name`) VALUES ('59', 'nihil');
INSERT INTO `communities` (`id`, `name`) VALUES ('98', 'nihil');
INSERT INTO `communities` (`id`, `name`) VALUES ('35', 'nisi');
INSERT INTO `communities` (`id`, `name`) VALUES ('93', 'non');
INSERT INTO `communities` (`id`, `name`) VALUES ('11', 'odit');
INSERT INTO `communities` (`id`, `name`) VALUES ('87', 'officia');
INSERT INTO `communities` (`id`, `name`) VALUES ('55', 'officiis');
INSERT INTO `communities` (`id`, `name`) VALUES ('19', 'omnis');
INSERT INTO `communities` (`id`, `name`) VALUES ('91', 'omnis');
INSERT INTO `communities` (`id`, `name`) VALUES ('96', 'omnis');
INSERT INTO `communities` (`id`, `name`) VALUES ('30', 'pariatur');
INSERT INTO `communities` (`id`, `name`) VALUES ('48', 'pariatur');
INSERT INTO `communities` (`id`, `name`) VALUES ('77', 'quam');
INSERT INTO `communities` (`id`, `name`) VALUES ('39', 'quasi');
INSERT INTO `communities` (`id`, `name`) VALUES ('60', 'qui');
INSERT INTO `communities` (`id`, `name`) VALUES ('63', 'qui');
INSERT INTO `communities` (`id`, `name`) VALUES ('9', 'quia');
INSERT INTO `communities` (`id`, `name`) VALUES ('14', 'quia');
INSERT INTO `communities` (`id`, `name`) VALUES ('24', 'quia');
INSERT INTO `communities` (`id`, `name`) VALUES ('51', 'quia');
INSERT INTO `communities` (`id`, `name`) VALUES ('25', 'quidem');
INSERT INTO `communities` (`id`, `name`) VALUES ('95', 'quidem');
INSERT INTO `communities` (`id`, `name`) VALUES ('86', 'quis');
INSERT INTO `communities` (`id`, `name`) VALUES ('89', 'quisquam');
INSERT INTO `communities` (`id`, `name`) VALUES ('36', 'recusandae');
INSERT INTO `communities` (`id`, `name`) VALUES ('69', 'rem');
INSERT INTO `communities` (`id`, `name`) VALUES ('54', 'rerum');
INSERT INTO `communities` (`id`, `name`) VALUES ('99', 'sed');
INSERT INTO `communities` (`id`, `name`) VALUES ('4', 'sit');
INSERT INTO `communities` (`id`, `name`) VALUES ('23', 'sunt');
INSERT INTO `communities` (`id`, `name`) VALUES ('83', 'temporibus');
INSERT INTO `communities` (`id`, `name`) VALUES ('82', 'tenetur');
INSERT INTO `communities` (`id`, `name`) VALUES ('62', 'ullam');
INSERT INTO `communities` (`id`, `name`) VALUES ('13', 'ut');
INSERT INTO `communities` (`id`, `name`) VALUES ('34', 'vel');
INSERT INTO `communities` (`id`, `name`) VALUES ('32', 'voluptatem');
INSERT INTO `communities` (`id`, `name`) VALUES ('40', 'voluptatem');
INSERT INTO `communities` (`id`, `name`) VALUES ('81', 'voluptatem');


#
# TABLE STRUCTURE FOR: users
#



INSERT INTO `users` (`id`, `firstname`, `lastname`, `email`, `phone`) VALUES ('1', 'Jalen', 'Feest', 'lbeer@example.org', '0');
INSERT INTO `users` (`id`, `firstname`, `lastname`, `email`, `phone`) VALUES ('2', 'Aron', 'Pouros', 'hvandervort@example.com', '603');
INSERT INTO `users` (`id`, `firstname`, `lastname`, `email`, `phone`) VALUES ('3', 'Amy', 'Vandervort', 'welch.quinton@example.net', '316');
INSERT INTO `users` (`id`, `firstname`, `lastname`, `email`, `phone`) VALUES ('4', 'Bennett', 'Mohr', 'dbode@example.net', '0');
INSERT INTO `users` (`id`, `firstname`, `lastname`, `email`, `phone`) VALUES ('5', 'Alverta', 'Collier', 'sage.huels@example.org', '127280');
INSERT INTO `users` (`id`, `firstname`, `lastname`, `email`, `phone`) VALUES ('6', 'Odessa', 'Wolf', 'glegros@example.net', '51');
INSERT INTO `users` (`id`, `firstname`, `lastname`, `email`, `phone`) VALUES ('7', 'Virgie', 'Schmidt', 'cschmidt@example.net', '14');
INSERT INTO `users` (`id`, `firstname`, `lastname`, `email`, `phone`) VALUES ('8', 'Golda', 'Emmerich', 'walsh.sydni@example.com', '867914');
INSERT INTO `users` (`id`, `firstname`, `lastname`, `email`, `phone`) VALUES ('9', 'Rosie', 'Haag', 'verdie.tromp@example.net', '150464');
INSERT INTO `users` (`id`, `firstname`, `lastname`, `email`, `phone`) VALUES ('10', 'Alfonzo', 'Veum', 'hgrant@example.net', '191');
INSERT INTO `users` (`id`, `firstname`, `lastname`, `email`, `phone`) VALUES ('11', 'Ava', 'Hyatt', 'annabell57@example.com', '258014');
INSERT INTO `users` (`id`, `firstname`, `lastname`, `email`, `phone`) VALUES ('12', 'Keith', 'Cruickshank', 'rkrajcik@example.org', '0');
INSERT INTO `users` (`id`, `firstname`, `lastname`, `email`, `phone`) VALUES ('13', 'Carolyn', 'Koss', 'idell05@example.net', '88');
INSERT INTO `users` (`id`, `firstname`, `lastname`, `email`, `phone`) VALUES ('14', 'Delilah', 'Ratke', 'sincere.streich@example.org', '70');
INSERT INTO `users` (`id`, `firstname`, `lastname`, `email`, `phone`) VALUES ('15', 'Carleton', 'Langworth', 'linnie.smitham@example.com', '0');
INSERT INTO `users` (`id`, `firstname`, `lastname`, `email`, `phone`) VALUES ('16', 'Gilberto', 'Kuphal', 'marley.mertz@example.org', '0');
INSERT INTO `users` (`id`, `firstname`, `lastname`, `email`, `phone`) VALUES ('17', 'Darrel', 'Breitenberg', 'lorena24@example.net', '25');
INSERT INTO `users` (`id`, `firstname`, `lastname`, `email`, `phone`) VALUES ('18', 'Gussie', 'Hirthe', 'trystan13@example.org', '839');
INSERT INTO `users` (`id`, `firstname`, `lastname`, `email`, `phone`) VALUES ('19', 'Louisa', 'Gorczany', 'audie.hoppe@example.com', '207');
INSERT INTO `users` (`id`, `firstname`, `lastname`, `email`, `phone`) VALUES ('20', 'Lelia', 'Zulauf', 'vdenesik@example.org', '443');
INSERT INTO `users` (`id`, `firstname`, `lastname`, `email`, `phone`) VALUES ('21', 'Michel', 'Gusikowski', 'buford79@example.com', '376');
INSERT INTO `users` (`id`, `firstname`, `lastname`, `email`, `phone`) VALUES ('22', 'Kacey', 'Schuster', 'xpfannerstill@example.net', '1');
INSERT INTO `users` (`id`, `firstname`, `lastname`, `email`, `phone`) VALUES ('23', 'Belle', 'Yundt', 'towne.ron@example.net', '769059');
INSERT INTO `users` (`id`, `firstname`, `lastname`, `email`, `phone`) VALUES ('24', 'Geraldine', 'Lebsack', 'iwilderman@example.net', '219');
INSERT INTO `users` (`id`, `firstname`, `lastname`, `email`, `phone`) VALUES ('25', 'Favian', 'Stark', 'toy.marvin@example.com', '0');
INSERT INTO `users` (`id`, `firstname`, `lastname`, `email`, `phone`) VALUES ('26', 'Oral', 'Reinger', 'tlakin@example.com', '0');
INSERT INTO `users` (`id`, `firstname`, `lastname`, `email`, `phone`) VALUES ('27', 'Bailee', 'Witting', 'fvolkman@example.com', '450');
INSERT INTO `users` (`id`, `firstname`, `lastname`, `email`, `phone`) VALUES ('28', 'Antonetta', 'Treutel', 'ezieme@example.org', '796');
INSERT INTO `users` (`id`, `firstname`, `lastname`, `email`, `phone`) VALUES ('29', 'Silas', 'Ziemann', 'isabelle.stanton@example.com', '469365');
INSERT INTO `users` (`id`, `firstname`, `lastname`, `email`, `phone`) VALUES ('30', 'Riley', 'Larson', 'nikko12@example.net', '210329');
INSERT INTO `users` (`id`, `firstname`, `lastname`, `email`, `phone`) VALUES ('31', 'Jayda', 'Mraz', 'fay.luther@example.org', '798');
INSERT INTO `users` (`id`, `firstname`, `lastname`, `email`, `phone`) VALUES ('32', 'Brielle', 'Walker', 'malvina.ebert@example.org', '1');
INSERT INTO `users` (`id`, `firstname`, `lastname`, `email`, `phone`) VALUES ('33', 'Geovanny', 'Labadie', 'kimberly79@example.com', '799');
INSERT INTO `users` (`id`, `firstname`, `lastname`, `email`, `phone`) VALUES ('34', 'Faye', 'Bernier', 'germaine79@example.net', '0');
INSERT INTO `users` (`id`, `firstname`, `lastname`, `email`, `phone`) VALUES ('35', 'Jake', 'Kuhic', 'volkman.mertie@example.org', '0');
INSERT INTO `users` (`id`, `firstname`, `lastname`, `email`, `phone`) VALUES ('36', 'William', 'Bechtelar', 'vfranecki@example.net', '727');
INSERT INTO `users` (`id`, `firstname`, `lastname`, `email`, `phone`) VALUES ('37', 'Ken', 'Hane', 'vvolkman@example.net', '222636');
INSERT INTO `users` (`id`, `firstname`, `lastname`, `email`, `phone`) VALUES ('38', 'Kailey', 'Blick', 'samanta.cruickshank@example.org', '0');
INSERT INTO `users` (`id`, `firstname`, `lastname`, `email`, `phone`) VALUES ('39', 'Reinhold', 'Gorczany', 'stephanie.dickens@example.com', '197722');
INSERT INTO `users` (`id`, `firstname`, `lastname`, `email`, `phone`) VALUES ('40', 'Elmira', 'Spinka', 'dashawn.bartoletti@example.org', '0');
INSERT INTO `users` (`id`, `firstname`, `lastname`, `email`, `phone`) VALUES ('41', 'Hildegard', 'Hane', 'dandre.vandervort@example.net', '620');
INSERT INTO `users` (`id`, `firstname`, `lastname`, `email`, `phone`) VALUES ('42', 'Shyann', 'Hoppe', 'olueilwitz@example.org', '938');
INSERT INTO `users` (`id`, `firstname`, `lastname`, `email`, `phone`) VALUES ('43', 'Moises', 'Predovic', 'mosciski.julien@example.com', '558122');
INSERT INTO `users` (`id`, `firstname`, `lastname`, `email`, `phone`) VALUES ('44', 'Flossie', 'Brakus', 'alvena.dooley@example.org', '0');
INSERT INTO `users` (`id`, `firstname`, `lastname`, `email`, `phone`) VALUES ('45', 'Shawna', 'Morissette', 'mateo.mills@example.net', '684');
INSERT INTO `users` (`id`, `firstname`, `lastname`, `email`, `phone`) VALUES ('46', 'Jocelyn', 'Lind', 'florine.davis@example.net', '118');
INSERT INTO `users` (`id`, `firstname`, `lastname`, `email`, `phone`) VALUES ('47', 'Caesar', 'Miller', 'jcartwright@example.org', '0');
INSERT INTO `users` (`id`, `firstname`, `lastname`, `email`, `phone`) VALUES ('48', 'Zoe', 'Stokes', 'bauch.zachery@example.com', '476');
INSERT INTO `users` (`id`, `firstname`, `lastname`, `email`, `phone`) VALUES ('49', 'Mariana', 'Farrell', 'rolfson.mike@example.com', '1');
INSERT INTO `users` (`id`, `firstname`, `lastname`, `email`, `phone`) VALUES ('50', 'Nathan', 'Feil', 'bergstrom.marjolaine@example.org', '1');



#
# TABLE STRUCTURE FOR: profiles
#


INSERT INTO `profiles` (`user_id`, `gender`, `birthday`, `photo_id`, `created_at`, `hometown`) VALUES ('1', NULL, '2000-04-21', '1', '1977-05-20 04:59:32', NULL);
INSERT INTO `profiles` (`user_id`, `gender`, `birthday`, `photo_id`, `created_at`, `hometown`) VALUES ('2', NULL, '1986-02-26', '2', '2018-04-14 21:24:19', NULL);
INSERT INTO `profiles` (`user_id`, `gender`, `birthday`, `photo_id`, `created_at`, `hometown`) VALUES ('3', NULL, '2009-03-29', '3', '1980-03-13 19:35:39', NULL);
INSERT INTO `profiles` (`user_id`, `gender`, `birthday`, `photo_id`, `created_at`, `hometown`) VALUES ('4', NULL, '2007-12-21', '4', '2013-10-17 20:13:02', NULL);
INSERT INTO `profiles` (`user_id`, `gender`, `birthday`, `photo_id`, `created_at`, `hometown`) VALUES ('5', NULL, '2019-02-25', '5', '2018-08-31 22:16:44', NULL);
INSERT INTO `profiles` (`user_id`, `gender`, `birthday`, `photo_id`, `created_at`, `hometown`) VALUES ('6', NULL, '1985-10-05', '6', '1985-09-05 11:45:44', NULL);
INSERT INTO `profiles` (`user_id`, `gender`, `birthday`, `photo_id`, `created_at`, `hometown`) VALUES ('7', NULL, '2002-12-20', '7', '1998-01-01 22:24:50', NULL);
INSERT INTO `profiles` (`user_id`, `gender`, `birthday`, `photo_id`, `created_at`, `hometown`) VALUES ('8', NULL, '1977-10-02', '8', '1974-12-10 14:36:02', NULL);
INSERT INTO `profiles` (`user_id`, `gender`, `birthday`, `photo_id`, `created_at`, `hometown`) VALUES ('9', NULL, '1991-03-10', '9', '2010-10-03 03:06:45', NULL);
INSERT INTO `profiles` (`user_id`, `gender`, `birthday`, `photo_id`, `created_at`, `hometown`) VALUES ('10', NULL, '2013-01-31', '10', '2016-01-24 06:18:09', NULL);
INSERT INTO `profiles` (`user_id`, `gender`, `birthday`, `photo_id`, `created_at`, `hometown`) VALUES ('11', NULL, '2003-10-12', '11', '2017-07-25 19:59:30', NULL);
INSERT INTO `profiles` (`user_id`, `gender`, `birthday`, `photo_id`, `created_at`, `hometown`) VALUES ('12', NULL, '1971-03-18', '12', '1974-07-12 19:26:25', NULL);
INSERT INTO `profiles` (`user_id`, `gender`, `birthday`, `photo_id`, `created_at`, `hometown`) VALUES ('13', NULL, '2015-01-09', '13', '1991-01-16 07:29:50', NULL);
INSERT INTO `profiles` (`user_id`, `gender`, `birthday`, `photo_id`, `created_at`, `hometown`) VALUES ('14', NULL, '2002-03-01', '14', '2003-02-26 20:49:16', NULL);
INSERT INTO `profiles` (`user_id`, `gender`, `birthday`, `photo_id`, `created_at`, `hometown`) VALUES ('15', NULL, '1979-07-06', '15', '2005-01-12 19:22:13', NULL);
INSERT INTO `profiles` (`user_id`, `gender`, `birthday`, `photo_id`, `created_at`, `hometown`) VALUES ('16', NULL, '2004-03-21', '16', '1994-04-12 05:22:02', NULL);
INSERT INTO `profiles` (`user_id`, `gender`, `birthday`, `photo_id`, `created_at`, `hometown`) VALUES ('17', NULL, '1987-11-29', '17', '1974-08-16 02:31:25', NULL);
INSERT INTO `profiles` (`user_id`, `gender`, `birthday`, `photo_id`, `created_at`, `hometown`) VALUES ('18', NULL, '1988-11-17', '18', '1986-08-20 13:03:22', NULL);
INSERT INTO `profiles` (`user_id`, `gender`, `birthday`, `photo_id`, `created_at`, `hometown`) VALUES ('19', NULL, '1984-03-07', '19', '2008-07-14 05:52:22', NULL);
INSERT INTO `profiles` (`user_id`, `gender`, `birthday`, `photo_id`, `created_at`, `hometown`) VALUES ('20', NULL, '2009-09-24', '20', '2007-11-02 01:17:54', NULL);
INSERT INTO `profiles` (`user_id`, `gender`, `birthday`, `photo_id`, `created_at`, `hometown`) VALUES ('21', NULL, '1972-10-26', '21', '1985-12-25 08:10:11', NULL);
INSERT INTO `profiles` (`user_id`, `gender`, `birthday`, `photo_id`, `created_at`, `hometown`) VALUES ('22', NULL, '1995-03-14', '22', '2018-03-12 13:21:37', NULL);
INSERT INTO `profiles` (`user_id`, `gender`, `birthday`, `photo_id`, `created_at`, `hometown`) VALUES ('23', NULL, '1988-02-20', '23', '1980-09-19 06:53:46', NULL);
INSERT INTO `profiles` (`user_id`, `gender`, `birthday`, `photo_id`, `created_at`, `hometown`) VALUES ('24', NULL, '1988-11-17', '24', '2000-10-26 12:46:48', NULL);
INSERT INTO `profiles` (`user_id`, `gender`, `birthday`, `photo_id`, `created_at`, `hometown`) VALUES ('25', NULL, '1974-10-29', '25', '2011-04-04 22:25:21', NULL);
INSERT INTO `profiles` (`user_id`, `gender`, `birthday`, `photo_id`, `created_at`, `hometown`) VALUES ('26', NULL, '1975-11-12', '26', '1991-01-22 04:31:52', NULL);
INSERT INTO `profiles` (`user_id`, `gender`, `birthday`, `photo_id`, `created_at`, `hometown`) VALUES ('27', NULL, '2018-01-13', '27', '2006-11-04 17:28:12', NULL);
INSERT INTO `profiles` (`user_id`, `gender`, `birthday`, `photo_id`, `created_at`, `hometown`) VALUES ('28', NULL, '2009-06-26', '28', '1997-12-09 15:37:31', NULL);
INSERT INTO `profiles` (`user_id`, `gender`, `birthday`, `photo_id`, `created_at`, `hometown`) VALUES ('29', NULL, '2005-07-05', '29', '1970-06-01 21:40:38', NULL);
INSERT INTO `profiles` (`user_id`, `gender`, `birthday`, `photo_id`, `created_at`, `hometown`) VALUES ('30', NULL, '2005-04-29', '30', '2018-10-16 17:19:14', NULL);
INSERT INTO `profiles` (`user_id`, `gender`, `birthday`, `photo_id`, `created_at`, `hometown`) VALUES ('31', NULL, '1986-03-25', '31', '2001-07-24 12:25:05', NULL);
INSERT INTO `profiles` (`user_id`, `gender`, `birthday`, `photo_id`, `created_at`, `hometown`) VALUES ('32', NULL, '1993-09-21', '32', '2006-07-23 18:16:23', NULL);
INSERT INTO `profiles` (`user_id`, `gender`, `birthday`, `photo_id`, `created_at`, `hometown`) VALUES ('33', NULL, '1998-07-31', '33', '1978-09-05 17:48:22', NULL);
INSERT INTO `profiles` (`user_id`, `gender`, `birthday`, `photo_id`, `created_at`, `hometown`) VALUES ('34', NULL, '1988-10-23', '34', '2011-12-23 08:18:27', NULL);
INSERT INTO `profiles` (`user_id`, `gender`, `birthday`, `photo_id`, `created_at`, `hometown`) VALUES ('35', NULL, '1989-05-05', '35', '1985-10-03 22:01:49', NULL);
INSERT INTO `profiles` (`user_id`, `gender`, `birthday`, `photo_id`, `created_at`, `hometown`) VALUES ('36', NULL, '1977-02-25', '36', '1999-05-03 01:49:42', NULL);
INSERT INTO `profiles` (`user_id`, `gender`, `birthday`, `photo_id`, `created_at`, `hometown`) VALUES ('37', NULL, '2011-02-10', '37', '2008-02-29 06:39:44', NULL);
INSERT INTO `profiles` (`user_id`, `gender`, `birthday`, `photo_id`, `created_at`, `hometown`) VALUES ('38', NULL, '1994-04-29', '38', '2016-08-18 14:23:59', NULL);
INSERT INTO `profiles` (`user_id`, `gender`, `birthday`, `photo_id`, `created_at`, `hometown`) VALUES ('39', NULL, '2018-06-26', '39', '2018-04-19 10:52:36', NULL);
INSERT INTO `profiles` (`user_id`, `gender`, `birthday`, `photo_id`, `created_at`, `hometown`) VALUES ('40', NULL, '1986-08-07', '40', '2013-01-25 04:18:03', NULL);
INSERT INTO `profiles` (`user_id`, `gender`, `birthday`, `photo_id`, `created_at`, `hometown`) VALUES ('41', NULL, '1972-01-04', '41', '1976-05-20 16:29:54', NULL);
INSERT INTO `profiles` (`user_id`, `gender`, `birthday`, `photo_id`, `created_at`, `hometown`) VALUES ('42', NULL, '1987-05-11', '42', '2011-05-11 18:37:08', NULL);
INSERT INTO `profiles` (`user_id`, `gender`, `birthday`, `photo_id`, `created_at`, `hometown`) VALUES ('43', NULL, '1973-09-08', '43', '2014-04-24 13:17:02', NULL);
INSERT INTO `profiles` (`user_id`, `gender`, `birthday`, `photo_id`, `created_at`, `hometown`) VALUES ('44', NULL, '2000-12-22', '44', '1994-03-01 02:27:23', NULL);
INSERT INTO `profiles` (`user_id`, `gender`, `birthday`, `photo_id`, `created_at`, `hometown`) VALUES ('45', NULL, '2003-05-04', '45', '1994-01-08 22:57:46', NULL);
INSERT INTO `profiles` (`user_id`, `gender`, `birthday`, `photo_id`, `created_at`, `hometown`) VALUES ('46', NULL, '1971-03-17', '46', '2014-01-06 02:45:37', NULL);
INSERT INTO `profiles` (`user_id`, `gender`, `birthday`, `photo_id`, `created_at`, `hometown`) VALUES ('47', NULL, '1996-08-05', '47', '1983-12-31 10:47:01', NULL);
INSERT INTO `profiles` (`user_id`, `gender`, `birthday`, `photo_id`, `created_at`, `hometown`) VALUES ('48', NULL, '1998-11-17', '48', '1980-07-10 18:56:05', NULL);
INSERT INTO `profiles` (`user_id`, `gender`, `birthday`, `photo_id`, `created_at`, `hometown`) VALUES ('49', NULL, '2019-12-25', '49', '1981-04-11 21:56:14', NULL);
INSERT INTO `profiles` (`user_id`, `gender`, `birthday`, `photo_id`, `created_at`, `hometown`) VALUES ('50', NULL, '1986-02-20', '50', '1983-09-29 23:46:19', NULL);



#
# TABLE STRUCTURE FOR: friend_requests
#


INSERT INTO friend_requests (`initiator_user_id`, `target_user_id`, `status`)
VALUES ('1', '2', 'requested');

INSERT INTO friend_requests (`initiator_user_id`, `target_user_id`, `status`)
VALUES ('1', '3', 'requested');

INSERT INTO friend_requests (`initiator_user_id`, `target_user_id`, `status`)
VALUES ('1', '4', 'requested');

INSERT INTO friend_requests (`initiator_user_id`, `target_user_id`, `status`)
VALUES ('2', '15', 'requested');

INSERT INTO friend_requests (`initiator_user_id`, `target_user_id`, `status`)
VALUES ('16', '21', 'requested');

INSERT INTO friend_requests (`initiator_user_id`, `target_user_id`, `status`)
VALUES ('13', '30', 'requested');

INSERT INTO friend_requests (`initiator_user_id`, `target_user_id`, `status`)
VALUES ('11', '4', 'requested');

INSERT INTO friend_requests (`initiator_user_id`, `target_user_id`, `status`)
VALUES ('41', '5', 'requested');

INSERT INTO friend_requests (`initiator_user_id`, `target_user_id`, `status`)
VALUES ('4', '2', 'requested');

INSERT INTO friend_requests (`initiator_user_id`, `target_user_id`, `status`)
VALUES ('31', '3', 'requested');

INSERT INTO friend_requests (`initiator_user_id`, `target_user_id`, `status`)
VALUES ('39', '4', 'requested');

INSERT INTO friend_requests (`initiator_user_id`, `target_user_id`, `status`)
VALUES ('38', '5', 'requested');
#
# TABLE STRUCTURE FOR: media_types
#


INSERT INTO `media_types` (`id`, `name`, `created_at`, `updated_at`) VALUES ('1', 'enim', '1980-03-10 02:54:16', '2006-05-01 00:11:24');
INSERT INTO `media_types` (`id`, `name`, `created_at`, `updated_at`) VALUES ('2', 'odio', '2000-11-21 10:18:03', '1987-03-12 17:44:33');
INSERT INTO `media_types` (`id`, `name`, `created_at`, `updated_at`) VALUES ('3', 'et', '1997-11-30 07:11:50', '1990-11-07 20:02:53');
INSERT INTO `media_types` (`id`, `name`, `created_at`, `updated_at`) VALUES ('4', 'delectus', '2012-02-25 15:33:21', '1997-08-28 23:58:53');
INSERT INTO `media_types` (`id`, `name`, `created_at`, `updated_at`) VALUES ('5', 'debitis', '2003-11-23 02:48:48', '1986-07-10 22:53:16');
INSERT INTO `media_types` (`id`, `name`, `created_at`, `updated_at`) VALUES ('6', 'est', '1999-08-09 04:35:08', '1981-06-19 02:07:08');
INSERT INTO `media_types` (`id`, `name`, `created_at`, `updated_at`) VALUES ('7', 'eveniet', '1975-05-03 22:47:34', '2013-01-21 03:04:24');
INSERT INTO `media_types` (`id`, `name`, `created_at`, `updated_at`) VALUES ('8', 'alias', '1977-12-01 20:00:51', '1986-02-19 16:19:32');
INSERT INTO `media_types` (`id`, `name`, `created_at`, `updated_at`) VALUES ('9', 'autem', '1996-01-15 05:42:47', '2000-03-13 07:12:04');
INSERT INTO `media_types` (`id`, `name`, `created_at`, `updated_at`) VALUES ('10', 'maiores', '2004-01-06 09:55:53', '2017-07-15 04:46:06');





#
# TABLE STRUCTURE FOR: media
#


INSERT INTO `media` (`id`, `media_type_id`, `user_id`, `body`, `filename`, `size`, `metadata`, `created_at`, `updated_at`) VALUES ('1', '1', '1', 'Molestiae et illum neque necessitatibus impedit porro. Ducimus asperiores quis nobis voluptas. Aut nobis velit et et. Sed omnis eum quisquam odit non eum.', 'nam', 160049, NULL, '1986-10-17 23:42:17', '1984-04-07 18:58:55');
INSERT INTO `media` (`id`, `media_type_id`, `user_id`, `body`, `filename`, `size`, `metadata`, `created_at`, `updated_at`) VALUES ('2', '2', '2', 'Sed quasi expedita reprehenderit illum quaerat laboriosam. Sunt nemo et quo fuga. Id nemo nihil aliquid sapiente odio.', 'ut', 4074, NULL, '2006-07-14 18:44:01', '1985-06-30 22:07:16');
INSERT INTO `media` (`id`, `media_type_id`, `user_id`, `body`, `filename`, `size`, `metadata`, `created_at`, `updated_at`) VALUES ('3', '3', '3', 'Doloribus at cupiditate culpa quae nobis. Facere non et voluptas. Ratione vel sapiente sunt sunt recusandae libero ducimus. Molestiae nobis eum sunt nesciunt esse odio et. Doloribus omnis minima nihil ad consequatur consequatur totam.', 'nemo', 11, NULL, '1988-06-15 14:57:04', '1987-10-16 09:40:47');
INSERT INTO `media` (`id`, `media_type_id`, `user_id`, `body`, `filename`, `size`, `metadata`, `created_at`, `updated_at`) VALUES ('4', '4', '4', 'Nulla odit itaque voluptatem facere voluptas. Voluptatum laboriosam officia officia ea minima aut corrupti. Est aut nesciunt eum molestiae sit excepturi expedita.', 'cupiditate', 40, NULL, '1992-05-07 09:48:17', '1991-04-22 18:27:52');
INSERT INTO `media` (`id`, `media_type_id`, `user_id`, `body`, `filename`, `size`, `metadata`, `created_at`, `updated_at`) VALUES ('5', '5', '5', 'Placeat doloremque quia quaerat doloremque adipisci. Aut velit harum modi incidunt laboriosam nihil quia. Ea accusamus reiciendis ut ut nemo est.', 'inventore', 4357, NULL, '2004-12-21 19:32:57', '2010-06-06 23:49:13');
INSERT INTO `media` (`id`, `media_type_id`, `user_id`, `body`, `filename`, `size`, `metadata`, `created_at`, `updated_at`) VALUES ('6', '6', '6', 'Voluptatem atque eius explicabo fugiat eius voluptatem. Numquam est nemo iure aut recusandae. Quam adipisci qui itaque quia doloribus iure temporibus. Occaecati ut velit id cumque doloremque dignissimos velit tenetur.', 'placeat', 2249, NULL, '2003-05-14 09:50:30', '1989-12-08 09:15:51');
INSERT INTO `media` (`id`, `media_type_id`, `user_id`, `body`, `filename`, `size`, `metadata`, `created_at`, `updated_at`) VALUES ('7', '7', '7', 'Possimus veniam quos ut voluptate nulla libero. Et accusamus delectus suscipit. Autem illo et neque nam. Ea tempora cumque earum blanditiis quasi.', 'est', 31965988, NULL, '1984-12-16 14:16:02', '2009-03-02 15:09:37');
INSERT INTO `media` (`id`, `media_type_id`, `user_id`, `body`, `filename`, `size`, `metadata`, `created_at`, `updated_at`) VALUES ('8', '8', '8', 'Praesentium ea sed et molestias. Deserunt excepturi dolore labore enim expedita nam aut. Voluptate perferendis eveniet consequatur fugiat.', 'sint', 717114722, NULL, '2004-07-13 20:24:00', '2007-06-26 10:23:02');
INSERT INTO `media` (`id`, `media_type_id`, `user_id`, `body`, `filename`, `size`, `metadata`, `created_at`, `updated_at`) VALUES ('9', '9', '9', 'Sit sed est omnis voluptatem. Ducimus repellendus rerum nisi earum placeat et. Excepturi sit sed ut cumque adipisci enim doloribus.', 'sed', 5158, NULL, '2009-01-27 06:19:40', '1975-01-14 00:24:53');
INSERT INTO `media` (`id`, `media_type_id`, `user_id`, `body`, `filename`, `size`, `metadata`, `created_at`, `updated_at`) VALUES ('10', '10', '10', 'Laborum eaque ex qui. Dolorum voluptatum porro error eos. Qui sed eius temporibus est quasi. Commodi autem dignissimos alias sit ex nemo.', 'hic', 9, NULL, '1990-02-08 01:55:28', '1992-11-09 11:21:42');
INSERT INTO `media` (`id`, `media_type_id`, `user_id`, `body`, `filename`, `size`, `metadata`, `created_at`, `updated_at`) VALUES ('11', '1', '11', 'Qui consequatur aut ea et. Quia in nobis quia beatae magni magnam magnam. A voluptatum natus ea voluptas occaecati.', 'aut', 65067321, NULL, '1997-04-18 03:16:59', '2007-07-23 00:21:37');
INSERT INTO `media` (`id`, `media_type_id`, `user_id`, `body`, `filename`, `size`, `metadata`, `created_at`, `updated_at`) VALUES ('12', '2', '12', 'Voluptatem qui nemo temporibus qui incidunt quis. Praesentium qui inventore modi minima. Doloribus dolorem aut quia consequatur porro fugit. Dolores et qui dolores dignissimos laudantium placeat.', 'quas', 95819403, NULL, '2019-01-22 09:44:35', '2012-09-15 02:02:11');
INSERT INTO `media` (`id`, `media_type_id`, `user_id`, `body`, `filename`, `size`, `metadata`, `created_at`, `updated_at`) VALUES ('13', '3', '13', 'Soluta recusandae quia maxime rerum illo. Eaque eos molestiae vel. Assumenda quibusdam animi quia ratione omnis nemo. Aut optio expedita culpa ipsa. Dolores debitis cum rerum aut officiis.', 'autem', 379, NULL, '1993-10-24 07:00:19', '1976-09-13 19:02:17');
INSERT INTO `media` (`id`, `media_type_id`, `user_id`, `body`, `filename`, `size`, `metadata`, `created_at`, `updated_at`) VALUES ('14', '4', '14', 'Velit maiores voluptatem debitis. Unde voluptatem aut aut et nihil repellat ea aut. Aliquam nihil dolorem ducimus voluptatem architecto. Laudantium quia expedita ut natus asperiores.', 'odit', 3343, NULL, '1980-07-16 12:04:13', '1984-04-06 07:53:09');
INSERT INTO `media` (`id`, `media_type_id`, `user_id`, `body`, `filename`, `size`, `metadata`, `created_at`, `updated_at`) VALUES ('15', '5', '15', 'In occaecati sed earum voluptas incidunt ut autem eos. Enim nobis reprehenderit recusandae. Quo ipsa perferendis similique et doloremque consequatur non. Animi provident in sed odio dolore laudantium id cumque.', 'iste', 10396299, NULL, '1977-03-15 13:02:25', '1993-11-29 04:08:54');
INSERT INTO `media` (`id`, `media_type_id`, `user_id`, `body`, `filename`, `size`, `metadata`, `created_at`, `updated_at`) VALUES ('16', '6', '16', 'Labore magni consequatur aperiam nam sint doloribus. Et enim eligendi laudantium dolorem. Autem iure dolorum est aut vitae.', 'et', 3122326, NULL, '1982-10-21 15:36:11', '1977-02-02 13:57:10');
INSERT INTO `media` (`id`, `media_type_id`, `user_id`, `body`, `filename`, `size`, `metadata`, `created_at`, `updated_at`) VALUES ('17', '7', '17', 'Et dolor sunt nihil minima. Delectus unde mollitia dicta deleniti omnis id.', 'praesentium', 86842052, NULL, '2010-10-27 01:31:51', '1994-03-16 16:46:42');
INSERT INTO `media` (`id`, `media_type_id`, `user_id`, `body`, `filename`, `size`, `metadata`, `created_at`, `updated_at`) VALUES ('18', '8', '18', 'Ut sed consequuntur odit ab amet. Cum dolor libero distinctio aliquam illo eligendi. In quisquam asperiores id necessitatibus minus illo qui quisquam.', 'accusantium', 96, NULL, '2003-03-19 20:34:20', '1997-09-01 22:12:44');
INSERT INTO `media` (`id`, `media_type_id`, `user_id`, `body`, `filename`, `size`, `metadata`, `created_at`, `updated_at`) VALUES ('19', '9', '19', 'Ipsum blanditiis velit eum consequatur enim facere ea. Quia ut facilis odit quia. Vero veniam et rem quisquam corrupti est odio.', 'ad', 2, NULL, '1971-02-23 18:14:09', '2013-01-27 20:14:57');
INSERT INTO `media` (`id`, `media_type_id`, `user_id`, `body`, `filename`, `size`, `metadata`, `created_at`, `updated_at`) VALUES ('20', '10', '20', 'Nulla id cumque ut magnam. Sequi aut tempore explicabo nostrum amet quidem. Veritatis ut ab quidem vel. Voluptatem ut omnis atque iste.', 'rerum', 65, NULL, '2014-07-07 09:42:58', '1975-05-23 01:15:00');
INSERT INTO `media` (`id`, `media_type_id`, `user_id`, `body`, `filename`, `size`, `metadata`, `created_at`, `updated_at`) VALUES ('21', '1', '21', 'Molestiae numquam nobis quibusdam omnis quae qui. Et aut ut animi tempore molestiae praesentium ipsa atque. Tenetur ut officia fuga illo. Quam eos quam qui aut et rerum quae. Nobis omnis velit amet laborum.', 'eos', 3, NULL, '1974-06-18 18:29:29', '1995-04-17 19:29:02');
INSERT INTO `media` (`id`, `media_type_id`, `user_id`, `body`, `filename`, `size`, `metadata`, `created_at`, `updated_at`) VALUES ('22', '2', '22', 'Et officia quos consequatur ut doloremque molestiae magni reiciendis. Consequatur explicabo in magni ut corrupti aut. Dolorum non ipsam mollitia eius temporibus.', 'voluptas', 756, NULL, '2001-09-24 18:32:11', '2014-01-03 03:44:58');
INSERT INTO `media` (`id`, `media_type_id`, `user_id`, `body`, `filename`, `size`, `metadata`, `created_at`, `updated_at`) VALUES ('23', '3', '23', 'Est expedita ipsa maiores laborum et. Ipsa rerum aut aut molestiae maxime necessitatibus. Ducimus delectus illo eligendi ut et.', 'distinctio', 516688, NULL, '2015-06-14 09:22:30', '1980-12-07 10:46:44');
INSERT INTO `media` (`id`, `media_type_id`, `user_id`, `body`, `filename`, `size`, `metadata`, `created_at`, `updated_at`) VALUES ('24', '4', '24', 'Voluptas quibusdam consequatur nobis culpa. Vel officiis quos quia corporis qui a ad. Eum est eius architecto rerum. Provident architecto optio beatae nihil nemo.', 'reprehenderit', 7914, NULL, '2019-04-21 06:24:45', '1988-05-30 08:45:54');
INSERT INTO `media` (`id`, `media_type_id`, `user_id`, `body`, `filename`, `size`, `metadata`, `created_at`, `updated_at`) VALUES ('25', '5', '25', 'Nihil ut quia id quis qui. Aut voluptas ullam molestiae odit distinctio dolores ut. Eos minus ut dolores enim temporibus. Quos laboriosam et rerum est.', 'maiores', 419, NULL, '1996-06-28 03:06:57', '2002-08-03 01:30:09');
INSERT INTO `media` (`id`, `media_type_id`, `user_id`, `body`, `filename`, `size`, `metadata`, `created_at`, `updated_at`) VALUES ('26', '6', '26', 'Vitae nihil exercitationem doloremque quam. Rerum et minima sed repellendus in vero sunt. Enim atque dolorum aliquid aliquam fuga dolor nobis aperiam. Quisquam autem qui totam et assumenda aliquid.', 'a', 702259349, NULL, '2008-03-31 10:54:18', '1972-02-26 01:17:20');
INSERT INTO `media` (`id`, `media_type_id`, `user_id`, `body`, `filename`, `size`, `metadata`, `created_at`, `updated_at`) VALUES ('27', '7', '27', 'Facere facere adipisci et eligendi voluptatem sed saepe et. Facere accusamus est voluptatem non vel omnis consequatur. Minima quod aliquam reprehenderit soluta adipisci quod cum. Exercitationem molestias ut similique facilis non.', 'iste', 56833447, NULL, '1989-07-27 18:34:34', '1996-04-29 08:48:21');
INSERT INTO `media` (`id`, `media_type_id`, `user_id`, `body`, `filename`, `size`, `metadata`, `created_at`, `updated_at`) VALUES ('28', '8', '28', 'Quia ducimus magni molestiae autem temporibus. Est dolor sint dolores ex ipsam architecto. Magni at omnis facere reiciendis velit qui nisi provident. Maxime eveniet consequuntur iusto.', 'ipsa', 59497, NULL, '1996-12-27 11:55:14', '1974-06-23 18:24:19');
INSERT INTO `media` (`id`, `media_type_id`, `user_id`, `body`, `filename`, `size`, `metadata`, `created_at`, `updated_at`) VALUES ('29', '9', '29', 'Aspernatur omnis recusandae recusandae soluta. A rerum odit sint consectetur dolores temporibus odio totam. Id autem voluptatem saepe beatae. Excepturi doloribus est ea velit odio ab iusto.', 'deleniti', 631978, NULL, '2000-02-07 14:40:51', '1988-06-04 20:43:48');
INSERT INTO `media` (`id`, `media_type_id`, `user_id`, `body`, `filename`, `size`, `metadata`, `created_at`, `updated_at`) VALUES ('30', '10', '30', 'Ut repellendus dolor vel sit voluptas. Dolores minus dicta nisi velit. Vitae sequi esse vel hic. Nulla animi omnis esse saepe non ratione.', 'nam', 60, NULL, '2018-10-04 13:59:02', '2016-04-12 08:12:20');
INSERT INTO `media` (`id`, `media_type_id`, `user_id`, `body`, `filename`, `size`, `metadata`, `created_at`, `updated_at`) VALUES ('31', '1', '31', 'Eum at quisquam ut enim. Autem iste quia necessitatibus molestias alias blanditiis voluptatem qui. Nisi commodi molestiae ut est commodi eos quasi.', 'veritatis', 326, NULL, '1991-08-28 13:04:31', '2015-04-10 03:03:24');
INSERT INTO `media` (`id`, `media_type_id`, `user_id`, `body`, `filename`, `size`, `metadata`, `created_at`, `updated_at`) VALUES ('32', '2', '32', 'Quo et sunt fugiat sint. Et temporibus ut eius dicta. Ut dicta ut doloribus. Deserunt itaque dicta sed quae inventore eligendi.', 'veniam', 460, NULL, '1991-08-10 12:51:13', '2009-03-20 06:29:16');
INSERT INTO `media` (`id`, `media_type_id`, `user_id`, `body`, `filename`, `size`, `metadata`, `created_at`, `updated_at`) VALUES ('33', '3', '33', 'Voluptatem ea qui est sed. Rem sed et aut itaque quas impedit. Dolorum ut libero perspiciatis quo vero facere quia occaecati.', 'aspernatur', 6, NULL, '1994-12-18 05:14:49', '1990-09-06 15:07:32');
INSERT INTO `media` (`id`, `media_type_id`, `user_id`, `body`, `filename`, `size`, `metadata`, `created_at`, `updated_at`) VALUES ('34', '4', '34', 'Totam sunt ut illum expedita enim doloribus ut. Tempora corporis et aperiam autem est cum. Voluptas optio corporis ducimus quam et facilis voluptatem illo. Exercitationem magnam qui quo ut dolor quo et.', 'non', 266, NULL, '2014-06-17 22:34:25', '2005-09-26 16:14:50');
INSERT INTO `media` (`id`, `media_type_id`, `user_id`, `body`, `filename`, `size`, `metadata`, `created_at`, `updated_at`) VALUES ('35', '5', '35', 'Aut vero et ducimus est. Iure aut rerum illo necessitatibus et explicabo qui. Dolore et dolorum qui voluptates quia.', 'ut', 271693491, NULL, '2013-01-19 13:06:15', '2009-05-26 02:19:46');
INSERT INTO `media` (`id`, `media_type_id`, `user_id`, `body`, `filename`, `size`, `metadata`, `created_at`, `updated_at`) VALUES ('36', '6', '36', 'Impedit sed voluptates vel ratione nobis ex rerum corrupti. Explicabo sequi qui deserunt animi eaque magnam.', 'ex', 0, NULL, '2011-03-30 12:00:57', '1980-07-02 13:51:54');
INSERT INTO `media` (`id`, `media_type_id`, `user_id`, `body`, `filename`, `size`, `metadata`, `created_at`, `updated_at`) VALUES ('37', '7', '37', 'Aut et autem dolores tempora alias vel nulla possimus. Doloribus amet iusto enim dolores vel tempora. In rem eveniet repellendus distinctio error.', 'illo', 6082, NULL, '1972-03-25 00:26:37', '1985-08-18 06:57:30');
INSERT INTO `media` (`id`, `media_type_id`, `user_id`, `body`, `filename`, `size`, `metadata`, `created_at`, `updated_at`) VALUES ('38', '8', '38', 'Nostrum at vitae et dolorem iste laudantium. Perspiciatis voluptate in nostrum exercitationem excepturi sunt et error. Non voluptates iste delectus voluptatem.', 'quasi', 15833, NULL, '1997-02-07 21:38:09', '1990-04-13 03:12:18');
INSERT INTO `media` (`id`, `media_type_id`, `user_id`, `body`, `filename`, `size`, `metadata`, `created_at`, `updated_at`) VALUES ('39', '9', '39', 'Incidunt ut aut maxime dolor totam. Eum eos minus mollitia dolor nulla illo est quis.', 'sequi', 0, NULL, '2012-02-05 21:59:17', '1977-05-16 15:14:18');
INSERT INTO `media` (`id`, `media_type_id`, `user_id`, `body`, `filename`, `size`, `metadata`, `created_at`, `updated_at`) VALUES ('40', '10', '40', 'Reprehenderit ex qui facere laudantium. Molestiae doloremque rerum illo ratione ex. Qui exercitationem qui vel illo. Cupiditate voluptatem incidunt velit delectus qui.', 'ratione', 43518, NULL, '2015-07-18 14:28:51', '2005-02-13 17:39:28');
INSERT INTO `media` (`id`, `media_type_id`, `user_id`, `body`, `filename`, `size`, `metadata`, `created_at`, `updated_at`) VALUES ('41', '1', '41', 'Et aperiam quasi accusamus ea quia ut nostrum ab. Molestiae et aut voluptatem totam praesentium.', 'quaerat', 40569463, NULL, '1995-09-25 08:00:14', '1998-12-29 00:10:44');
INSERT INTO `media` (`id`, `media_type_id`, `user_id`, `body`, `filename`, `size`, `metadata`, `created_at`, `updated_at`) VALUES ('42', '2', '42', 'Placeat distinctio dolor eum quam sunt officia soluta. Iure sed nulla veniam. Necessitatibus consequatur accusamus alias voluptas est.', 'sit', 13979972, NULL, '1997-04-06 11:19:31', '1983-06-20 16:06:59');
INSERT INTO `media` (`id`, `media_type_id`, `user_id`, `body`, `filename`, `size`, `metadata`, `created_at`, `updated_at`) VALUES ('43', '3', '43', 'Deleniti consectetur rerum nihil voluptatem perspiciatis qui. Numquam et vitae et ut atque dolores et. Natus quo quo et molestias et enim repellendus.', 'est', 99175, NULL, '2002-12-06 07:27:26', '1981-02-22 03:02:12');
INSERT INTO `media` (`id`, `media_type_id`, `user_id`, `body`, `filename`, `size`, `metadata`, `created_at`, `updated_at`) VALUES ('44', '4', '44', 'Aliquam nihil asperiores est ducimus sequi. Omnis ea placeat alias est omnis nisi.', 'minima', 942511, NULL, '2004-12-23 21:16:38', '1993-04-02 09:22:55');
INSERT INTO `media` (`id`, `media_type_id`, `user_id`, `body`, `filename`, `size`, `metadata`, `created_at`, `updated_at`) VALUES ('45', '5', '45', 'Quas voluptate nisi quia omnis ipsam. Vel aliquid praesentium modi non autem officia. Amet dolore quas doloremque ut.', 'et', 399, NULL, '2007-06-09 19:21:15', '2008-08-23 15:14:38');
INSERT INTO `media` (`id`, `media_type_id`, `user_id`, `body`, `filename`, `size`, `metadata`, `created_at`, `updated_at`) VALUES ('46', '6', '46', 'Et molestiae corrupti quisquam delectus et tempore. Molestias maxime quia tempore aut velit.', 'quibusdam', 78653313, NULL, '1982-11-29 13:32:28', '1986-12-13 22:03:42');
INSERT INTO `media` (`id`, `media_type_id`, `user_id`, `body`, `filename`, `size`, `metadata`, `created_at`, `updated_at`) VALUES ('47', '7', '47', 'Repellat maxime esse quas provident rerum esse molestias. Voluptatibus et et voluptas consequatur ipsa repellat labore. Totam modi aliquid sunt voluptas voluptatibus rerum voluptas.', 'aperiam', 3585, NULL, '2001-12-12 16:01:02', '1971-02-27 07:52:35');
INSERT INTO `media` (`id`, `media_type_id`, `user_id`, `body`, `filename`, `size`, `metadata`, `created_at`, `updated_at`) VALUES ('48', '8', '48', 'Velit corrupti eveniet neque. Omnis est id facilis repudiandae repellendus sed. Assumenda tempore dolorum sequi eum ipsam est.', 'dolorem', 810, NULL, '1986-10-13 11:44:48', '1984-11-05 18:50:07');
INSERT INTO `media` (`id`, `media_type_id`, `user_id`, `body`, `filename`, `size`, `metadata`, `created_at`, `updated_at`) VALUES ('49', '9', '49', 'Sunt ad aut nihil fugiat quam voluptatum cum. Et et est beatae expedita animi. Molestiae quia sapiente ut molestiae.', 'et', 26065171, NULL, '1978-12-17 15:11:15', '1976-10-04 22:33:48');
INSERT INTO `media` (`id`, `media_type_id`, `user_id`, `body`, `filename`, `size`, `metadata`, `created_at`, `updated_at`) VALUES ('50', '10', '50', 'Tempora et qui iste sint. Occaecati saepe quis fugit blanditiis hic. Quo vitae dolor neque perspiciatis perspiciatis quo distinctio molestiae. Consequatur temporibus ut asperiores vel. Dignissimos quia commodi vel ea in tenetur ipsam.', 'temporibus', 0, NULL, '2005-03-16 10:34:22', '2001-01-24 01:16:19');
INSERT INTO `media` (`id`, `media_type_id`, `user_id`, `body`, `filename`, `size`, `metadata`, `created_at`, `updated_at`) VALUES ('51', '1', '1', 'Sint fuga fugiat est qui. Eaque placeat aperiam quo voluptatem. Eos quam est officiis temporibus quas consectetur eligendi.', 'eaque', 826277, NULL, '1977-01-23 13:23:06', '2007-07-13 13:25:08');
INSERT INTO `media` (`id`, `media_type_id`, `user_id`, `body`, `filename`, `size`, `metadata`, `created_at`, `updated_at`) VALUES ('52', '2', '2', 'Odio quidem nemo dolorem distinctio est voluptatem id minus. Et voluptas et commodi eveniet nulla possimus ea sunt. Ducimus cumque ut voluptas debitis sunt ut.', 'illo', 9, NULL, '1986-03-28 05:14:59', '2015-01-31 03:01:12');
INSERT INTO `media` (`id`, `media_type_id`, `user_id`, `body`, `filename`, `size`, `metadata`, `created_at`, `updated_at`) VALUES ('53', '3', '3', 'Animi ab maiores explicabo consequatur ullam reiciendis et qui. Aut ea sed voluptas commodi iste consequatur. Itaque et et autem voluptatem explicabo. Aliquid sed ad beatae vero harum ex.', 'ipsum', 6, NULL, '2001-06-24 16:40:50', '1984-08-27 11:55:15');
INSERT INTO `media` (`id`, `media_type_id`, `user_id`, `body`, `filename`, `size`, `metadata`, `created_at`, `updated_at`) VALUES ('54', '4', '4', 'Ut facere ullam culpa non eos. Corporis debitis et similique molestiae illum unde sed. Et asperiores commodi placeat quaerat. Corporis facilis ducimus eos tenetur.', 'ipsam', 10163214, NULL, '1986-11-27 06:13:49', '1988-02-25 05:55:26');
INSERT INTO `media` (`id`, `media_type_id`, `user_id`, `body`, `filename`, `size`, `metadata`, `created_at`, `updated_at`) VALUES ('55', '5', '5', 'Sunt omnis autem ut optio. Dignissimos aut aut exercitationem deserunt. Voluptatum sequi voluptate ratione eum.', 'magni', 39, NULL, '2013-07-19 04:34:03', '1998-11-21 10:46:21');
INSERT INTO `media` (`id`, `media_type_id`, `user_id`, `body`, `filename`, `size`, `metadata`, `created_at`, `updated_at`) VALUES ('56', '6', '6', 'Sequi et alias quas. Occaecati amet voluptatem ut et. Voluptate quae doloribus corrupti qui autem nesciunt reprehenderit nam. Ad quam occaecati deserunt quidem totam.', 'dolorem', 0, NULL, '1970-03-05 04:39:20', '1979-10-05 05:34:46');
INSERT INTO `media` (`id`, `media_type_id`, `user_id`, `body`, `filename`, `size`, `metadata`, `created_at`, `updated_at`) VALUES ('57', '7', '7', 'Porro ut architecto asperiores omnis quibusdam voluptate. Qui maxime ut ullam laborum consequatur sit illo cum. Reprehenderit hic adipisci veritatis voluptatem. Perferendis eum quia aperiam.', 'itaque', 815812, NULL, '1975-06-02 08:32:09', '1972-12-31 20:04:49');
INSERT INTO `media` (`id`, `media_type_id`, `user_id`, `body`, `filename`, `size`, `metadata`, `created_at`, `updated_at`) VALUES ('58', '8', '8', 'Pariatur dolor consequatur quaerat. Id labore quas nam nam voluptatem. Beatae eveniet veniam enim nesciunt. Delectus consequatur distinctio eaque quidem.', 'dolorum', 605897722, NULL, '1999-11-13 06:34:13', '2003-11-02 00:57:00');
INSERT INTO `media` (`id`, `media_type_id`, `user_id`, `body`, `filename`, `size`, `metadata`, `created_at`, `updated_at`) VALUES ('59', '9', '9', 'Odit eaque cumque rerum dolor. Tempora voluptatem provident vel provident rem nihil nisi. Ut aspernatur inventore quam aut ad. Aperiam quae voluptatem tempore aut necessitatibus rerum doloribus.', 'autem', 540965463, NULL, '1993-05-28 13:19:34', '1983-12-15 05:44:57');
INSERT INTO `media` (`id`, `media_type_id`, `user_id`, `body`, `filename`, `size`, `metadata`, `created_at`, `updated_at`) VALUES ('60', '10', '10', 'Beatae voluptatem sit sit iste error. Quam atque sunt fugit in molestiae blanditiis consequuntur. Praesentium asperiores quia velit quo deserunt deserunt neque expedita. Consequatur velit quas exercitationem in dolor. Et quia eligendi eum quo.', 'voluptatibus', 184694, NULL, '2000-11-10 09:34:38', '1990-06-03 07:20:15');
INSERT INTO `media` (`id`, `media_type_id`, `user_id`, `body`, `filename`, `size`, `metadata`, `created_at`, `updated_at`) VALUES ('61', '1', '11', 'Qui aliquam quis quia aliquid exercitationem cumque mollitia. Deleniti ut sint quo pariatur. Placeat praesentium necessitatibus magnam quam veniam sequi. Quis voluptates dolores sit nulla nostrum et quis.', 'dolores', 996432, NULL, '1983-09-15 01:49:33', '1981-03-17 04:25:27');
INSERT INTO `media` (`id`, `media_type_id`, `user_id`, `body`, `filename`, `size`, `metadata`, `created_at`, `updated_at`) VALUES ('62', '2', '12', 'Dolor atque eos eos voluptas totam unde cum dolores. Tempora repellendus ut ratione consequatur. Rerum incidunt necessitatibus quis ut doloremque ut aut aut. Quas qui praesentium dignissimos et cupiditate fugiat velit.', 'qui', 9, NULL, '1974-06-04 11:56:34', '2003-08-14 14:59:33');
INSERT INTO `media` (`id`, `media_type_id`, `user_id`, `body`, `filename`, `size`, `metadata`, `created_at`, `updated_at`) VALUES ('63', '3', '13', 'Possimus nesciunt rerum veniam. Neque mollitia beatae tenetur dolores. Fugiat dolores libero nostrum id totam dolorem.', 'sint', 63505499, NULL, '1998-04-18 08:17:16', '1999-05-19 20:00:46');
INSERT INTO `media` (`id`, `media_type_id`, `user_id`, `body`, `filename`, `size`, `metadata`, `created_at`, `updated_at`) VALUES ('64', '4', '14', 'Unde tempore veniam quis. Autem vel ut at fugit autem eligendi repudiandae. Error asperiores voluptatibus quod et qui qui nostrum. Provident et est sit placeat maiores eligendi rerum.', 'soluta', 304, NULL, '1974-04-02 05:54:20', '1998-05-15 09:03:57');
INSERT INTO `media` (`id`, `media_type_id`, `user_id`, `body`, `filename`, `size`, `metadata`, `created_at`, `updated_at`) VALUES ('65', '5', '15', 'Iste deserunt illum est suscipit consequatur. Odit in ad deleniti maiores. Hic consequatur itaque maxime.', 'quam', 0, NULL, '1974-02-03 01:33:54', '1997-10-04 05:52:49');
INSERT INTO `media` (`id`, `media_type_id`, `user_id`, `body`, `filename`, `size`, `metadata`, `created_at`, `updated_at`) VALUES ('66', '6', '16', 'Quaerat veritatis in ab. Et tempora sit ut deleniti. Dolor aut earum laboriosam delectus nisi natus. Maiores sint repellat officia nisi.', 'eum', 890425, NULL, '2008-01-31 20:31:30', '2005-02-07 15:23:52');
INSERT INTO `media` (`id`, `media_type_id`, `user_id`, `body`, `filename`, `size`, `metadata`, `created_at`, `updated_at`) VALUES ('67', '7', '17', 'Architecto beatae animi tempore eum dolorem quis. Ullam velit quasi quibusdam natus ipsam veritatis non.', 'aut', 29429, NULL, '2000-04-06 14:10:10', '2001-09-01 20:38:08');
INSERT INTO `media` (`id`, `media_type_id`, `user_id`, `body`, `filename`, `size`, `metadata`, `created_at`, `updated_at`) VALUES ('68', '8', '18', 'Doloremque iusto dolorum veritatis. Dicta error dolor sit. Deserunt quod repellat perspiciatis repudiandae. Iste porro voluptas corrupti distinctio quas.', 'labore', 3484, NULL, '1977-09-12 09:04:15', '1984-10-10 11:58:34');
INSERT INTO `media` (`id`, `media_type_id`, `user_id`, `body`, `filename`, `size`, `metadata`, `created_at`, `updated_at`) VALUES ('69', '9', '19', 'Officia ut sed beatae rerum. Soluta consequatur cupiditate et qui. Sed ut et sequi dicta autem exercitationem sed. Iste ut ut quibusdam quia quod qui eum.', 'consequatur', 1555, NULL, '1982-10-27 14:45:20', '2013-05-11 16:15:17');
INSERT INTO `media` (`id`, `media_type_id`, `user_id`, `body`, `filename`, `size`, `metadata`, `created_at`, `updated_at`) VALUES ('70', '10', '20', 'Dolorum illo tenetur minus quibusdam. Voluptatem blanditiis minima sunt distinctio non sed cupiditate. Nihil mollitia esse et consectetur voluptatem dolores. Mollitia architecto voluptatem ut magni culpa ut.', 'voluptatem', 0, NULL, '1970-03-10 21:31:25', '1977-03-19 19:41:00');
INSERT INTO `media` (`id`, `media_type_id`, `user_id`, `body`, `filename`, `size`, `metadata`, `created_at`, `updated_at`) VALUES ('71', '1', '21', 'Dolor animi ea est fugit nemo libero. Quisquam et voluptas non occaecati asperiores est. Earum est deserunt ullam cupiditate voluptate itaque. Laudantium rerum et non quo dolores laudantium. Et id asperiores quisquam nostrum quisquam atque inventore.', 'architecto', 87198868, NULL, '1981-10-17 14:42:47', '1984-04-16 14:52:43');
INSERT INTO `media` (`id`, `media_type_id`, `user_id`, `body`, `filename`, `size`, `metadata`, `created_at`, `updated_at`) VALUES ('72', '2', '22', 'Ad deleniti dolore odio ea. Accusantium minus sunt necessitatibus cupiditate. Dolores deleniti officia tempora totam.', 'tempore', 941732348, NULL, '1981-01-03 03:25:48', '1991-02-07 04:12:01');
INSERT INTO `media` (`id`, `media_type_id`, `user_id`, `body`, `filename`, `size`, `metadata`, `created_at`, `updated_at`) VALUES ('73', '3', '23', 'Mollitia temporibus earum minus modi quam explicabo. Animi temporibus labore harum aut explicabo ex voluptatem. Sit quam voluptas et provident. Quas quia ea at saepe sit aut consequatur.', 'expedita', 242297, NULL, '1988-06-29 08:23:30', '1979-07-24 04:27:12');
INSERT INTO `media` (`id`, `media_type_id`, `user_id`, `body`, `filename`, `size`, `metadata`, `created_at`, `updated_at`) VALUES ('74', '4', '24', 'Est autem vitae deserunt aut commodi. Laborum nemo sunt voluptas et velit excepturi. Rerum similique aut eum dicta delectus beatae asperiores numquam.', 'iure', 543218687, NULL, '2013-02-04 13:03:38', '1998-09-25 21:28:29');
INSERT INTO `media` (`id`, `media_type_id`, `user_id`, `body`, `filename`, `size`, `metadata`, `created_at`, `updated_at`) VALUES ('75', '5', '25', 'Officiis dignissimos distinctio omnis quia corrupti nihil. Porro cupiditate et vel quis. Neque perspiciatis sunt officiis qui. Velit quia repudiandae nobis fuga necessitatibus eos. Harum corrupti nemo ut officia officiis.', 'ad', 58086, NULL, '1973-05-27 03:25:19', '1978-02-15 05:35:04');
INSERT INTO `media` (`id`, `media_type_id`, `user_id`, `body`, `filename`, `size`, `metadata`, `created_at`, `updated_at`) VALUES ('76', '6', '26', 'Et officia accusantium nisi non quia incidunt. Dolor officia omnis provident et corporis et sint ad. Dolorum rerum qui laboriosam et et aut. Tenetur sit dolores eveniet libero.', 'non', 0, NULL, '1987-09-05 03:07:04', '1983-07-06 12:21:46');
INSERT INTO `media` (`id`, `media_type_id`, `user_id`, `body`, `filename`, `size`, `metadata`, `created_at`, `updated_at`) VALUES ('77', '7', '27', 'Praesentium et autem praesentium veniam eos laborum rerum mollitia. Soluta enim iure aut error. Ut et esse corrupti dolore quos deserunt reiciendis.', 'at', 972, NULL, '2010-07-26 11:29:43', '1998-06-29 08:01:32');
INSERT INTO `media` (`id`, `media_type_id`, `user_id`, `body`, `filename`, `size`, `metadata`, `created_at`, `updated_at`) VALUES ('78', '8', '28', 'Inventore sint odit vel porro dicta. Ipsa dignissimos porro in voluptatem at quo ut. Sunt voluptatem maxime molestiae itaque laboriosam ea id. Eligendi enim cum dolorem rerum mollitia.', 'doloremque', 595, NULL, '1976-06-22 04:55:10', '2003-05-07 22:58:46');
INSERT INTO `media` (`id`, `media_type_id`, `user_id`, `body`, `filename`, `size`, `metadata`, `created_at`, `updated_at`) VALUES ('79', '9', '29', 'Est aut voluptas aperiam ut quaerat vitae. Neque vel tempore id omnis explicabo et. Rerum quidem sint provident recusandae est. Aperiam doloribus laborum quia modi neque eius qui.', 'saepe', 0, NULL, '1973-03-26 21:52:18', '1975-04-03 12:14:52');
INSERT INTO `media` (`id`, `media_type_id`, `user_id`, `body`, `filename`, `size`, `metadata`, `created_at`, `updated_at`) VALUES ('80', '10', '30', 'Veniam sint blanditiis laudantium amet. Sit incidunt fugit optio saepe et at. Id tempore a facilis ut tempora tempore ut sunt. Deleniti et et quo beatae voluptates porro et.', 'perspiciatis', 221506855, NULL, '1989-04-19 08:58:55', '2010-09-29 13:21:28');
INSERT INTO `media` (`id`, `media_type_id`, `user_id`, `body`, `filename`, `size`, `metadata`, `created_at`, `updated_at`) VALUES ('81', '1', '31', 'Dolores velit consectetur autem et. Beatae tempora iusto dicta. Occaecati beatae unde rerum eaque.', 'saepe', 0, NULL, '1972-10-29 02:48:19', '2002-12-24 06:54:33');
INSERT INTO `media` (`id`, `media_type_id`, `user_id`, `body`, `filename`, `size`, `metadata`, `created_at`, `updated_at`) VALUES ('82', '2', '32', 'Temporibus et incidunt odit possimus necessitatibus nostrum natus. Est numquam aperiam culpa. Qui accusamus voluptatum doloribus recusandae necessitatibus dolorem quia. Aut explicabo vel aspernatur mollitia.', 'mollitia', 1756787, NULL, '2000-05-13 16:17:43', '1975-02-04 02:17:56');
INSERT INTO `media` (`id`, `media_type_id`, `user_id`, `body`, `filename`, `size`, `metadata`, `created_at`, `updated_at`) VALUES ('83', '3', '33', 'Sit natus perferendis nostrum sint non quia ipsam officia. Est id rem nihil dolor occaecati quis. Magni aut qui ipsa voluptas velit ut. Dolor perspiciatis aut earum.', 'distinctio', 7, NULL, '2018-08-28 23:04:35', '1987-07-20 18:08:26');
INSERT INTO `media` (`id`, `media_type_id`, `user_id`, `body`, `filename`, `size`, `metadata`, `created_at`, `updated_at`) VALUES ('84', '4', '34', 'Nihil rerum eos quibusdam culpa est enim. Magnam porro et eos voluptatibus.', 'et', 41841, NULL, '1993-01-10 16:30:43', '1992-07-22 19:31:12');
INSERT INTO `media` (`id`, `media_type_id`, `user_id`, `body`, `filename`, `size`, `metadata`, `created_at`, `updated_at`) VALUES ('85', '5', '35', 'Nam ratione iste adipisci sit. Ut fuga iste est qui officia aliquid molestiae. Odio corrupti perspiciatis laboriosam impedit.', 'iure', 5511227, NULL, '2013-08-06 22:41:25', '1981-08-01 12:53:36');
INSERT INTO `media` (`id`, `media_type_id`, `user_id`, `body`, `filename`, `size`, `metadata`, `created_at`, `updated_at`) VALUES ('86', '6', '36', 'Rerum ut omnis animi ratione. Possimus ab molestiae facilis consequatur vitae quod. Sunt aut sapiente dignissimos dolores consequatur. Quia culpa qui deserunt ut.', 'quo', 8398969, NULL, '2011-04-27 22:32:15', '1988-10-30 13:40:41');
INSERT INTO `media` (`id`, `media_type_id`, `user_id`, `body`, `filename`, `size`, `metadata`, `created_at`, `updated_at`) VALUES ('87', '7', '37', 'Quisquam omnis qui dolorum possimus ducimus consequuntur non dolorem. Et aut pariatur nemo quas quasi ut rerum. Voluptas voluptatibus distinctio quis necessitatibus quis quo voluptatem. Et labore quis et tenetur fugiat tempora rerum.', 'quae', 488, NULL, '2008-05-12 13:04:58', '1999-07-01 09:11:17');
INSERT INTO `media` (`id`, `media_type_id`, `user_id`, `body`, `filename`, `size`, `metadata`, `created_at`, `updated_at`) VALUES ('88', '8', '38', 'Sapiente modi voluptatem quasi nostrum ut deleniti. Dolor et neque nostrum quisquam fuga iure. Officiis necessitatibus aut nihil distinctio et. Qui deserunt ducimus asperiores.', 'hic', 2177, NULL, '2013-10-11 07:54:50', '1986-05-23 22:36:46');
INSERT INTO `media` (`id`, `media_type_id`, `user_id`, `body`, `filename`, `size`, `metadata`, `created_at`, `updated_at`) VALUES ('89', '9', '39', 'Iure eos quaerat sed aperiam dolores id deleniti eligendi. Quisquam enim eum sed impedit consequatur libero. Sint et nostrum veniam sit ad laboriosam.', 'exercitationem', 0, NULL, '1997-02-23 14:42:44', '2014-11-05 13:15:36');
INSERT INTO `media` (`id`, `media_type_id`, `user_id`, `body`, `filename`, `size`, `metadata`, `created_at`, `updated_at`) VALUES ('90', '10', '40', 'Beatae cumque tempora et veniam id consequatur laboriosam. Pariatur alias modi dolor incidunt.', 'deleniti', 763925, NULL, '1997-11-08 03:34:12', '1976-11-23 08:17:11');
INSERT INTO `media` (`id`, `media_type_id`, `user_id`, `body`, `filename`, `size`, `metadata`, `created_at`, `updated_at`) VALUES ('91', '1', '41', 'Nesciunt dolor illo consequatur qui occaecati. Et quo maiores esse rem quod tempore. Error ut tenetur natus illum.', 'porro', 2250, NULL, '2012-09-02 05:06:32', '1988-04-20 09:14:39');
INSERT INTO `media` (`id`, `media_type_id`, `user_id`, `body`, `filename`, `size`, `metadata`, `created_at`, `updated_at`) VALUES ('92', '2', '42', 'Ea aliquam dolorem deleniti eum et. Aliquam omnis corporis quia est quos numquam et. Cum ullam voluptas corrupti est sapiente sunt. Assumenda natus molestiae sed libero.', 'quos', 8507, NULL, '2016-08-30 17:49:32', '1984-09-09 17:51:33');
INSERT INTO `media` (`id`, `media_type_id`, `user_id`, `body`, `filename`, `size`, `metadata`, `created_at`, `updated_at`) VALUES ('93', '3', '43', 'A id rerum magni. Ratione corporis sit ab quia natus. Ut repellat ratione velit et ipsum.', 'sit', 66171107, NULL, '2012-11-20 20:39:22', '2008-04-07 22:34:33');
INSERT INTO `media` (`id`, `media_type_id`, `user_id`, `body`, `filename`, `size`, `metadata`, `created_at`, `updated_at`) VALUES ('94', '4', '44', 'Delectus sed est autem et suscipit assumenda exercitationem adipisci. Similique laudantium sed veritatis voluptas provident dolorem.', 'similique', 35, NULL, '1993-07-28 09:21:26', '1990-01-06 21:52:13');
INSERT INTO `media` (`id`, `media_type_id`, `user_id`, `body`, `filename`, `size`, `metadata`, `created_at`, `updated_at`) VALUES ('95', '5', '45', 'Rerum facilis excepturi voluptas eum iure et. Consectetur sint sequi quae.', 'incidunt', 7137, NULL, '1991-07-10 17:42:56', '1984-08-17 07:09:53');
INSERT INTO `media` (`id`, `media_type_id`, `user_id`, `body`, `filename`, `size`, `metadata`, `created_at`, `updated_at`) VALUES ('96', '6', '46', 'Deserunt voluptatem ipsam iure molestiae consequatur consequatur. Eos nesciunt autem a qui eos officia voluptatem.', 'rem', 42, NULL, '2007-09-21 05:03:01', '1984-12-17 23:57:27');
INSERT INTO `media` (`id`, `media_type_id`, `user_id`, `body`, `filename`, `size`, `metadata`, `created_at`, `updated_at`) VALUES ('97', '7', '47', 'Vel sapiente veniam culpa harum dolor dolore omnis ut. Et dolorem ut vel voluptas. Et doloribus inventore labore numquam et.', 'perferendis', 4, NULL, '1990-08-09 07:46:04', '1988-04-17 21:55:39');
INSERT INTO `media` (`id`, `media_type_id`, `user_id`, `body`, `filename`, `size`, `metadata`, `created_at`, `updated_at`) VALUES ('98', '8', '48', 'Minima non omnis vel aut maxime. Sit aut qui minima eligendi maiores. Distinctio sed dicta neque est assumenda ut.', 'quia', 3, NULL, '2006-07-03 22:17:01', '1983-06-14 20:48:23');
INSERT INTO `media` (`id`, `media_type_id`, `user_id`, `body`, `filename`, `size`, `metadata`, `created_at`, `updated_at`) VALUES ('99', '9', '49', 'Ea ipsum modi quos quae. Quo nisi et a quia hic. Ut repellat sint minima aut aut sapiente. Inventore non non rerum.', 'quis', 518527557, NULL, '1981-01-17 04:45:31', '1997-05-02 20:28:51');
INSERT INTO `media` (`id`, `media_type_id`, `user_id`, `body`, `filename`, `size`, `metadata`, `created_at`, `updated_at`) VALUES ('100', '10', '50', 'Libero quae eaque dolor unde recusandae id. Delectus ea numquam voluptatem dolore consectetur fuga vitae ad. Fuga tempora enim vitae quaerat cum enim ab. Molestias officia rerum numquam sequi. Nostrum vel incidunt tempore sed nostrum.', 'et', 4671182, NULL, '1992-11-17 13:37:26', '1994-09-29 02:23:48');

#
# TABLE STRUCTURE FOR: likes
#


INSERT INTO `likes` (`id`, `user_id`, `media_id`, `created_at`) VALUES ('1', '1', '1', '1983-02-22 23:51:07');
INSERT INTO `likes` (`id`, `user_id`, `media_id`, `created_at`) VALUES ('2', '2', '2', '1992-03-13 22:13:07');
INSERT INTO `likes` (`id`, `user_id`, `media_id`, `created_at`) VALUES ('3', '3', '3', '1980-06-19 20:54:03');
INSERT INTO `likes` (`id`, `user_id`, `media_id`, `created_at`) VALUES ('4', '4', '4', '1992-04-30 04:02:03');
INSERT INTO `likes` (`id`, `user_id`, `media_id`, `created_at`) VALUES ('5', '5', '5', '2019-08-08 01:09:28');
INSERT INTO `likes` (`id`, `user_id`, `media_id`, `created_at`) VALUES ('6', '6', '6', '1999-03-11 16:51:24');
INSERT INTO `likes` (`id`, `user_id`, `media_id`, `created_at`) VALUES ('7', '7', '7', '2013-10-09 02:25:49');
INSERT INTO `likes` (`id`, `user_id`, `media_id`, `created_at`) VALUES ('8', '8', '8', '1992-12-22 23:30:19');
INSERT INTO `likes` (`id`, `user_id`, `media_id`, `created_at`) VALUES ('9', '9', '9', '1994-09-12 18:28:36');
INSERT INTO `likes` (`id`, `user_id`, `media_id`, `created_at`) VALUES ('10', '10', '10', '2013-07-08 19:58:01');
INSERT INTO `likes` (`id`, `user_id`, `media_id`, `created_at`) VALUES ('11', '11', '11', '2001-10-21 11:01:25');
INSERT INTO `likes` (`id`, `user_id`, `media_id`, `created_at`) VALUES ('12', '12', '12', '2018-07-30 03:27:40');
INSERT INTO `likes` (`id`, `user_id`, `media_id`, `created_at`) VALUES ('13', '13', '13', '1990-06-28 14:40:06');
INSERT INTO `likes` (`id`, `user_id`, `media_id`, `created_at`) VALUES ('14', '14', '14', '1978-07-23 01:41:51');
INSERT INTO `likes` (`id`, `user_id`, `media_id`, `created_at`) VALUES ('15', '15', '15', '2005-02-13 21:51:27');
INSERT INTO `likes` (`id`, `user_id`, `media_id`, `created_at`) VALUES ('16', '16', '16', '2019-05-22 03:04:29');
INSERT INTO `likes` (`id`, `user_id`, `media_id`, `created_at`) VALUES ('17', '17', '17', '2003-05-27 01:38:47');
INSERT INTO `likes` (`id`, `user_id`, `media_id`, `created_at`) VALUES ('18', '18', '18', '1994-11-17 14:47:07');
INSERT INTO `likes` (`id`, `user_id`, `media_id`, `created_at`) VALUES ('19', '19', '19', '2012-04-01 02:25:40');
INSERT INTO `likes` (`id`, `user_id`, `media_id`, `created_at`) VALUES ('20', '20', '20', '2019-11-21 14:37:01');
INSERT INTO `likes` (`id`, `user_id`, `media_id`, `created_at`) VALUES ('21', '21', '21', '2008-02-24 11:24:00');
INSERT INTO `likes` (`id`, `user_id`, `media_id`, `created_at`) VALUES ('22', '22', '22', '1977-05-13 00:44:38');
INSERT INTO `likes` (`id`, `user_id`, `media_id`, `created_at`) VALUES ('23', '23', '23', '2009-05-20 01:27:30');
INSERT INTO `likes` (`id`, `user_id`, `media_id`, `created_at`) VALUES ('24', '24', '24', '1989-09-22 03:00:49');
INSERT INTO `likes` (`id`, `user_id`, `media_id`, `created_at`) VALUES ('25', '25', '25', '1970-07-26 01:42:31');
INSERT INTO `likes` (`id`, `user_id`, `media_id`, `created_at`) VALUES ('26', '26', '26', '1988-11-24 19:31:12');
INSERT INTO `likes` (`id`, `user_id`, `media_id`, `created_at`) VALUES ('27', '27', '27', '2015-08-13 14:10:32');
INSERT INTO `likes` (`id`, `user_id`, `media_id`, `created_at`) VALUES ('28', '28', '28', '2015-11-11 00:33:03');
INSERT INTO `likes` (`id`, `user_id`, `media_id`, `created_at`) VALUES ('29', '29', '29', '2003-05-03 21:21:59');
INSERT INTO `likes` (`id`, `user_id`, `media_id`, `created_at`) VALUES ('30', '30', '30', '1977-10-13 14:59:40');
INSERT INTO `likes` (`id`, `user_id`, `media_id`, `created_at`) VALUES ('31', '31', '31', '2005-05-15 08:25:35');
INSERT INTO `likes` (`id`, `user_id`, `media_id`, `created_at`) VALUES ('32', '32', '32', '1994-04-26 22:25:45');
INSERT INTO `likes` (`id`, `user_id`, `media_id`, `created_at`) VALUES ('33', '33', '33', '2012-03-19 14:28:57');
INSERT INTO `likes` (`id`, `user_id`, `media_id`, `created_at`) VALUES ('34', '34', '34', '1973-11-28 04:10:25');
INSERT INTO `likes` (`id`, `user_id`, `media_id`, `created_at`) VALUES ('35', '35', '35', '2005-06-18 04:03:23');
INSERT INTO `likes` (`id`, `user_id`, `media_id`, `created_at`) VALUES ('36', '36', '36', '1998-11-05 19:47:12');
INSERT INTO `likes` (`id`, `user_id`, `media_id`, `created_at`) VALUES ('37', '37', '37', '2007-08-30 23:12:12');
INSERT INTO `likes` (`id`, `user_id`, `media_id`, `created_at`) VALUES ('38', '38', '38', '1985-04-14 01:49:12');
INSERT INTO `likes` (`id`, `user_id`, `media_id`, `created_at`) VALUES ('39', '39', '39', '2019-07-18 19:41:26');
INSERT INTO `likes` (`id`, `user_id`, `media_id`, `created_at`) VALUES ('40', '40', '40', '2012-09-07 05:26:08');
INSERT INTO `likes` (`id`, `user_id`, `media_id`, `created_at`) VALUES ('41', '41', '41', '2012-08-06 18:51:19');
INSERT INTO `likes` (`id`, `user_id`, `media_id`, `created_at`) VALUES ('42', '42', '42', '1997-09-14 19:52:24');
INSERT INTO `likes` (`id`, `user_id`, `media_id`, `created_at`) VALUES ('43', '43', '43', '1978-03-01 02:11:50');
INSERT INTO `likes` (`id`, `user_id`, `media_id`, `created_at`) VALUES ('44', '44', '44', '1993-06-07 06:43:21');
INSERT INTO `likes` (`id`, `user_id`, `media_id`, `created_at`) VALUES ('45', '45', '45', '1999-12-22 08:55:58');
INSERT INTO `likes` (`id`, `user_id`, `media_id`, `created_at`) VALUES ('46', '46', '46', '2014-04-07 23:53:38');
INSERT INTO `likes` (`id`, `user_id`, `media_id`, `created_at`) VALUES ('47', '47', '47', '1981-12-27 19:33:05');
INSERT INTO `likes` (`id`, `user_id`, `media_id`, `created_at`) VALUES ('48', '48', '48', '2016-06-11 11:43:09');
INSERT INTO `likes` (`id`, `user_id`, `media_id`, `created_at`) VALUES ('49', '49', '49', '2005-05-28 02:47:22');
INSERT INTO `likes` (`id`, `user_id`, `media_id`, `created_at`) VALUES ('50', '50', '50', '2018-05-15 10:14:26');
INSERT INTO `likes` (`id`, `user_id`, `media_id`, `created_at`) VALUES ('51', '1', '51', '1972-11-13 03:46:36');
INSERT INTO `likes` (`id`, `user_id`, `media_id`, `created_at`) VALUES ('52', '2', '52', '1977-12-18 20:06:47');
INSERT INTO `likes` (`id`, `user_id`, `media_id`, `created_at`) VALUES ('53', '3', '53', '1976-08-28 07:11:13');
INSERT INTO `likes` (`id`, `user_id`, `media_id`, `created_at`) VALUES ('54', '4', '54', '1984-04-03 05:58:30');
INSERT INTO `likes` (`id`, `user_id`, `media_id`, `created_at`) VALUES ('55', '5', '55', '2015-03-19 07:30:26');
INSERT INTO `likes` (`id`, `user_id`, `media_id`, `created_at`) VALUES ('56', '6', '56', '1993-04-18 09:43:22');
INSERT INTO `likes` (`id`, `user_id`, `media_id`, `created_at`) VALUES ('57', '7', '57', '2002-12-14 07:29:51');
INSERT INTO `likes` (`id`, `user_id`, `media_id`, `created_at`) VALUES ('58', '8', '58', '2006-08-09 04:38:03');
INSERT INTO `likes` (`id`, `user_id`, `media_id`, `created_at`) VALUES ('59', '9', '59', '1974-04-05 05:34:28');
INSERT INTO `likes` (`id`, `user_id`, `media_id`, `created_at`) VALUES ('60', '10', '60', '2015-08-28 21:24:18');
INSERT INTO `likes` (`id`, `user_id`, `media_id`, `created_at`) VALUES ('61', '11', '61', '2003-09-25 05:05:36');
INSERT INTO `likes` (`id`, `user_id`, `media_id`, `created_at`) VALUES ('62', '12', '62', '1993-06-30 04:28:16');
INSERT INTO `likes` (`id`, `user_id`, `media_id`, `created_at`) VALUES ('63', '13', '63', '1977-12-20 17:37:44');
INSERT INTO `likes` (`id`, `user_id`, `media_id`, `created_at`) VALUES ('64', '14', '64', '2015-06-11 14:24:55');
INSERT INTO `likes` (`id`, `user_id`, `media_id`, `created_at`) VALUES ('65', '15', '65', '1994-08-29 12:10:15');
INSERT INTO `likes` (`id`, `user_id`, `media_id`, `created_at`) VALUES ('66', '16', '66', '1986-11-14 07:17:22');
INSERT INTO `likes` (`id`, `user_id`, `media_id`, `created_at`) VALUES ('67', '17', '67', '1987-11-05 16:27:20');
INSERT INTO `likes` (`id`, `user_id`, `media_id`, `created_at`) VALUES ('68', '18', '68', '2011-12-18 22:54:56');
INSERT INTO `likes` (`id`, `user_id`, `media_id`, `created_at`) VALUES ('69', '19', '69', '2011-08-19 18:08:02');
INSERT INTO `likes` (`id`, `user_id`, `media_id`, `created_at`) VALUES ('70', '20', '70', '1977-10-25 20:56:50');
INSERT INTO `likes` (`id`, `user_id`, `media_id`, `created_at`) VALUES ('71', '21', '71', '2007-04-03 10:47:53');
INSERT INTO `likes` (`id`, `user_id`, `media_id`, `created_at`) VALUES ('72', '22', '72', '2014-10-28 03:23:20');
INSERT INTO `likes` (`id`, `user_id`, `media_id`, `created_at`) VALUES ('73', '23', '73', '1975-07-06 09:14:50');
INSERT INTO `likes` (`id`, `user_id`, `media_id`, `created_at`) VALUES ('74', '24', '74', '2015-06-05 04:44:59');
INSERT INTO `likes` (`id`, `user_id`, `media_id`, `created_at`) VALUES ('75', '25', '75', '1999-05-06 06:38:17');
INSERT INTO `likes` (`id`, `user_id`, `media_id`, `created_at`) VALUES ('76', '26', '76', '1993-05-18 05:42:41');
INSERT INTO `likes` (`id`, `user_id`, `media_id`, `created_at`) VALUES ('77', '27', '77', '1991-08-16 00:49:53');
INSERT INTO `likes` (`id`, `user_id`, `media_id`, `created_at`) VALUES ('78', '28', '78', '2006-12-19 21:44:10');
INSERT INTO `likes` (`id`, `user_id`, `media_id`, `created_at`) VALUES ('79', '29', '79', '2000-02-20 12:05:03');
INSERT INTO `likes` (`id`, `user_id`, `media_id`, `created_at`) VALUES ('80', '30', '80', '1975-01-29 00:44:17');
INSERT INTO `likes` (`id`, `user_id`, `media_id`, `created_at`) VALUES ('81', '31', '81', '1973-07-29 18:13:36');
INSERT INTO `likes` (`id`, `user_id`, `media_id`, `created_at`) VALUES ('82', '32', '82', '1975-05-07 10:13:41');
INSERT INTO `likes` (`id`, `user_id`, `media_id`, `created_at`) VALUES ('83', '33', '83', '1976-04-14 12:37:11');
INSERT INTO `likes` (`id`, `user_id`, `media_id`, `created_at`) VALUES ('84', '34', '84', '1973-11-10 23:39:39');
INSERT INTO `likes` (`id`, `user_id`, `media_id`, `created_at`) VALUES ('85', '35', '85', '1997-11-19 04:31:52');
INSERT INTO `likes` (`id`, `user_id`, `media_id`, `created_at`) VALUES ('86', '36', '86', '1996-03-17 03:35:35');
INSERT INTO `likes` (`id`, `user_id`, `media_id`, `created_at`) VALUES ('87', '37', '87', '1984-10-12 23:21:47');
INSERT INTO `likes` (`id`, `user_id`, `media_id`, `created_at`) VALUES ('88', '38', '88', '2011-12-12 11:09:40');
INSERT INTO `likes` (`id`, `user_id`, `media_id`, `created_at`) VALUES ('89', '39', '89', '1973-11-14 02:05:38');
INSERT INTO `likes` (`id`, `user_id`, `media_id`, `created_at`) VALUES ('90', '40', '90', '1988-03-28 09:58:30');
INSERT INTO `likes` (`id`, `user_id`, `media_id`, `created_at`) VALUES ('91', '41', '91', '2007-03-02 14:34:11');
INSERT INTO `likes` (`id`, `user_id`, `media_id`, `created_at`) VALUES ('92', '42', '92', '1986-09-11 13:24:21');
INSERT INTO `likes` (`id`, `user_id`, `media_id`, `created_at`) VALUES ('93', '43', '93', '2009-04-03 10:58:22');
INSERT INTO `likes` (`id`, `user_id`, `media_id`, `created_at`) VALUES ('94', '44', '94', '2001-01-09 17:57:01');
INSERT INTO `likes` (`id`, `user_id`, `media_id`, `created_at`) VALUES ('95', '45', '95', '1992-07-15 00:21:35');
INSERT INTO `likes` (`id`, `user_id`, `media_id`, `created_at`) VALUES ('96', '46', '96', '1986-12-22 10:47:10');
INSERT INTO `likes` (`id`, `user_id`, `media_id`, `created_at`) VALUES ('97', '47', '97', '2015-02-13 17:41:34');
INSERT INTO `likes` (`id`, `user_id`, `media_id`, `created_at`) VALUES ('98', '48', '98', '1994-04-26 13:15:11');
INSERT INTO `likes` (`id`, `user_id`, `media_id`, `created_at`) VALUES ('99', '49', '99', '1973-05-25 23:07:49');
INSERT INTO `likes` (`id`, `user_id`, `media_id`, `created_at`) VALUES ('100', '50', '100', '1989-06-28 05:07:05');


#
# TABLE STRUCTURE FOR: messages
#


INSERT INTO `messages` (`id`, `from_user_id`, `to_user_id`, `body`, `created_at`) VALUES ('101', '1', '1', 'Laudantium error quidem et laudantium. Reprehenderit minus aut maiores iure. Perferendis aspernatur doloremque inventore et dicta ut. Optio vel maiores sed sunt non nobis labore adipisci.', '1996-08-08 22:42:09');
INSERT INTO `messages` (`id`, `from_user_id`, `to_user_id`, `body`, `created_at`) VALUES ('102', '2', '2', 'Quasi rerum neque rerum sed est atque. Voluptas architecto asperiores quidem perspiciatis.', '2015-09-02 20:30:02');
INSERT INTO `messages` (`id`, `from_user_id`, `to_user_id`, `body`, `created_at`) VALUES ('103', '3', '9', 'Praesentium officia excepturi quae voluptas rerum et. Repellat alias sint non et sed assumenda iure. Voluptatem eveniet laboriosam aut recusandae nostrum aut.', '2016-07-11 09:37:50');
INSERT INTO `messages` (`id`, `from_user_id`, `to_user_id`, `body`, `created_at`) VALUES ('104', '4', '5', 'Praesentium modi aut placeat quibusdam voluptas aut. Qui tenetur numquam doloremque iure et vel. Voluptatem consequatur accusamus necessitatibus aut tenetur.', '1988-11-15 16:16:53');
INSERT INTO `messages` (`id`, `from_user_id`, `to_user_id`, `body`, `created_at`) VALUES ('105', '5', '5', 'Consequatur voluptate voluptates ut maiores. Qui deleniti recusandae reprehenderit odit. At magni nemo veritatis ut sunt et. Iste aliquam et et qui et id. Sed qui tempore perspiciatis labore ullam eius.', '1981-05-30 13:07:18');
INSERT INTO `messages` (`id`, `from_user_id`, `to_user_id`, `body`, `created_at`) VALUES ('106', '6', '3', 'Facilis nam ab voluptatem quisquam inventore velit est. Molestiae iure quo dolor veniam modi. Quis quaerat aut perspiciatis. Quia accusantium sunt et qui optio.', '1992-01-07 10:10:43');
INSERT INTO `messages` (`id`, `from_user_id`, `to_user_id`, `body`, `created_at`) VALUES ('107', '7', '8', 'Ducimus exercitationem praesentium dolorum odio quod et. Modi tempora perspiciatis et eaque ut corporis. Ex facere occaecati ipsum cupiditate. Inventore voluptatum maxime ea tempora eum placeat voluptatem.', '2015-02-22 14:44:57');
INSERT INTO `messages` (`id`, `from_user_id`, `to_user_id`, `body`, `created_at`) VALUES ('109', '9', '6', 'Ut in odit nihil iste nihil architecto. Vel nulla laudantium necessitatibus quia quia sed minus. A commodi sed maxime quasi. Et qui et aut non sed illum sed voluptas.', '2008-07-11 13:55:03');
INSERT INTO `messages` (`id`, `from_user_id`, `to_user_id`, `body`, `created_at`) VALUES ('110', '10', '9', 'Harum fuga necessitatibus quis odit sequi autem doloremque rerum. Voluptatem dolorum provident unde tenetur ipsam. Non magni molestiae voluptatem culpa. Veritatis optio est ea magni et.', '1986-03-20 03:14:52');
INSERT INTO `messages` (`id`, `from_user_id`, `to_user_id`, `body`, `created_at`) VALUES ('111', '11', '6', 'Rem alias nisi alias asperiores. Sit quia aperiam nesciunt tempore rerum.', '2018-11-07 10:27:58');
INSERT INTO `messages` (`id`, `from_user_id`, `to_user_id`, `body`, `created_at`) VALUES ('112', '12', '8', 'Assumenda aut ut voluptas voluptatem aspernatur. Rerum aut maxime consectetur et facere officia autem. Ut inventore asperiores eius qui vel quaerat nesciunt.', '1973-07-04 15:07:30');
INSERT INTO `messages` (`id`, `from_user_id`, `to_user_id`, `body`, `created_at`) VALUES ('113', '13', '7', 'Nesciunt eum perspiciatis consectetur delectus totam qui autem quod. Officiis eligendi esse magnam odit autem facilis. Est omnis quibusdam id mollitia similique doloribus.', '2007-01-16 10:18:50');
INSERT INTO `messages` (`id`, `from_user_id`, `to_user_id`, `body`, `created_at`) VALUES ('114', '14', '9', 'Illum consectetur hic tempora nobis ut unde. Error magni culpa quo. Voluptatum magnam rerum dignissimos. Eaque dolorem tenetur ratione ab sapiente nulla nostrum.', '2013-04-25 03:14:17');
INSERT INTO `messages` (`id`, `from_user_id`, `to_user_id`, `body`, `created_at`) VALUES ('115', '15', '7', 'Fuga rerum voluptas molestiae velit incidunt odit quisquam. Ipsa et facere qui quia ipsum explicabo reprehenderit voluptatibus.', '2016-03-12 21:24:30');
INSERT INTO `messages` (`id`, `from_user_id`, `to_user_id`, `body`, `created_at`) VALUES ('116', '16', '5', 'Incidunt et veniam facilis enim praesentium. Qui provident sint aut omnis molestiae consequuntur. Architecto dignissimos iure qui porro dignissimos quae praesentium sequi. Aut rerum ut ex iste ut suscipit totam.', '2001-05-03 09:20:26');
INSERT INTO `messages` (`id`, `from_user_id`, `to_user_id`, `body`, `created_at`) VALUES ('117', '17', '2', 'Reiciendis sed corrupti soluta et sit ut dolores voluptatem. Vero delectus et magnam molestiae. Modi voluptates cumque sint minus nihil. Qui et aut tempora minima maxime cum. Ex dolore sint qui consequuntur excepturi consequuntur placeat.', '1981-07-01 23:20:33');
INSERT INTO `messages` (`id`, `from_user_id`, `to_user_id`, `body`, `created_at`) VALUES ('118', '18', '9', 'Ex impedit ipsum optio et. Ut excepturi omnis totam officiis. Mollitia commodi impedit et nemo.', '1974-08-02 15:45:26');
INSERT INTO `messages` (`id`, `from_user_id`, `to_user_id`, `body`, `created_at`) VALUES ('119', '19', '6', 'Nostrum a sunt ullam animi temporibus. Quia saepe quia ex cum et beatae. Debitis sunt aut ex optio inventore. Cumque velit molestiae exercitationem nostrum.', '2016-01-24 03:31:58');
INSERT INTO `messages` (`id`, `from_user_id`, `to_user_id`, `body`, `created_at`) VALUES ('120', '20', '8', 'Nihil voluptatibus doloribus sint quidem perferendis pariatur dolor. Recusandae quo aliquid ipsa ut et. Sapiente enim molestiae consectetur reprehenderit. Ab iusto ab dignissimos modi omnis veniam consectetur.', '1990-01-11 06:27:27');
INSERT INTO `messages` (`id`, `from_user_id`, `to_user_id`, `body`, `created_at`) VALUES ('121', '21', '6', 'Quibusdam et aut est voluptas. Sequi sed quo est eos asperiores ea occaecati. Quis recusandae voluptatem eos id molestiae alias fuga.', '1984-06-21 02:26:31');
INSERT INTO `messages` (`id`, `from_user_id`, `to_user_id`, `body`, `created_at`) VALUES ('122', '22', '2', 'Dolores repellat vel voluptas soluta. Nam dolores veniam non nihil iste tempore.', '1997-01-02 15:42:10');
INSERT INTO `messages` (`id`, `from_user_id`, `to_user_id`, `body`, `created_at`) VALUES ('123', '23', '7', 'Rem commodi quia repellendus eos nam saepe sed. Sunt nihil vel adipisci eius maiores minus. Iusto non incidunt eligendi et. Nihil cupiditate omnis et enim nisi aut veritatis libero.', '2000-03-20 11:20:41');
INSERT INTO `messages` (`id`, `from_user_id`, `to_user_id`, `body`, `created_at`) VALUES ('124', '24', '9', 'Accusamus rerum aut sunt quis incidunt fuga. Dolores accusantium ut rem. Facere cumque beatae in praesentium temporibus.', '1979-08-05 09:13:34');
INSERT INTO `messages` (`id`, `from_user_id`, `to_user_id`, `body`, `created_at`) VALUES ('125', '25', '2', 'Debitis autem consequatur dolor nemo quam aut. Delectus delectus est id voluptas corporis laudantium. Explicabo corrupti sit eos laborum pariatur et. Amet qui voluptatem a architecto sed fuga quia sed.', '2019-07-08 05:38:30');
INSERT INTO `messages` (`id`, `from_user_id`, `to_user_id`, `body`, `created_at`) VALUES ('127', '27', '1', 'Quia occaecati voluptas iste et id dolorem. Et rerum fugiat quo excepturi. Dolores qui incidunt nulla veritatis alias et consequatur.', '1998-03-24 05:36:42');
INSERT INTO `messages` (`id`, `from_user_id`, `to_user_id`, `body`, `created_at`) VALUES ('128', '28', '1', 'Esse nemo perferendis voluptate et. Sint facere non dolore sunt placeat vitae id totam. Unde aspernatur natus vel veniam.', '2011-06-26 22:29:27');
INSERT INTO `messages` (`id`, `from_user_id`, `to_user_id`, `body`, `created_at`) VALUES ('129', '29', '8', 'Veritatis fuga eos harum quibusdam quia et. Dolore et est consectetur nostrum doloremque occaecati. Rerum eum libero excepturi provident itaque.', '1976-08-01 03:53:54');
INSERT INTO `messages` (`id`, `from_user_id`, `to_user_id`, `body`, `created_at`) VALUES ('130', '30', '9', 'Id eveniet quisquam fugit eius voluptatum. Sint in omnis nemo molestiae minus ipsa.', '1994-05-19 06:22:24');
INSERT INTO `messages` (`id`, `from_user_id`, `to_user_id`, `body`, `created_at`) VALUES ('131', '31', '2', 'Rerum quod qui dignissimos dolores quos provident cupiditate placeat. Distinctio id et voluptas a ducimus vitae. Quibusdam natus vel beatae. Qui atque velit est quos ad iste.', '2008-06-11 07:32:27');
INSERT INTO `messages` (`id`, `from_user_id`, `to_user_id`, `body`, `created_at`) VALUES ('132', '32', '9', 'Rerum beatae voluptas eveniet illum aut aut sint. Et quis voluptatem dolor facere recusandae quia molestiae. Dolores ea temporibus consequatur accusantium sed error saepe. Unde eaque aut nesciunt aliquam enim.', '1991-11-21 11:46:31');
INSERT INTO `messages` (`id`, `from_user_id`, `to_user_id`, `body`, `created_at`) VALUES ('133', '33', '1', 'Aliquam sit dicta natus non occaecati. Molestiae voluptatem et numquam praesentium minus. Est animi reprehenderit nam ut illum qui sequi labore. Delectus dolores est voluptas officiis ex et.', '2018-12-16 21:50:28');
INSERT INTO `messages` (`id`, `from_user_id`, `to_user_id`, `body`, `created_at`) VALUES ('134', '34', '1', 'Suscipit perspiciatis quas molestiae consequatur qui. Et autem blanditiis distinctio quasi et non sapiente. Dicta accusamus fugit quia rerum deleniti sapiente sit. Enim dolorem quos illo enim voluptatem.', '1998-11-11 10:12:33');
INSERT INTO `messages` (`id`, `from_user_id`, `to_user_id`, `body`, `created_at`) VALUES ('136', '36', '8', 'Id mollitia aperiam molestiae et illum fuga nemo. Esse vel quaerat quos sed. Quis voluptatem laudantium quam autem reprehenderit facere necessitatibus.', '1982-08-09 13:53:42');
INSERT INTO `messages` (`id`, `from_user_id`, `to_user_id`, `body`, `created_at`) VALUES ('137', '37', '1', 'Totam sed veniam dolorum iure. Illum earum odit beatae libero tempore provident et blanditiis. Voluptatem molestias porro aut similique eligendi. Quisquam beatae totam dolore.', '1997-04-24 13:30:50');
INSERT INTO `messages` (`id`, `from_user_id`, `to_user_id`, `body`, `created_at`) VALUES ('138', '38', '8', 'Et quia labore optio. Aut in minus non cupiditate. Optio et animi cupiditate non quisquam. Illo id ut commodi ad consequuntur eos.', '1974-10-05 01:30:05');
INSERT INTO `messages` (`id`, `from_user_id`, `to_user_id`, `body`, `created_at`) VALUES ('139', '39', '5', 'Voluptatem at eos ratione sed quia consequatur. Molestiae ducimus aut amet fuga doloremque aut. Iste expedita sapiente beatae nemo. Voluptas distinctio possimus quo.', '2014-01-03 04:04:10');
INSERT INTO `messages` (`id`, `from_user_id`, `to_user_id`, `body`, `created_at`) VALUES ('140', '40', '3', 'Corporis non minus et et dolore. Dolores consectetur rerum iusto omnis facere eligendi voluptatem.', '1993-10-25 18:21:25');
INSERT INTO `messages` (`id`, `from_user_id`, `to_user_id`, `body`, `created_at`) VALUES ('141', '41', '5', 'Corporis repellendus magni quis minima. Illum assumenda quibusdam in voluptatibus omnis. Quia maxime quae rerum. Amet natus voluptates nihil quo rerum.', '1982-09-05 03:48:11');
INSERT INTO `messages` (`id`, `from_user_id`, `to_user_id`, `body`, `created_at`) VALUES ('142', '42', '4', 'Blanditiis quibusdam est autem iusto autem facilis quia. Quia error aut voluptate inventore id eveniet. Odit repudiandae et consectetur quia. Tempora vel maxime eius ut explicabo.', '1993-06-13 02:18:17');
INSERT INTO `messages` (`id`, `from_user_id`, `to_user_id`, `body`, `created_at`) VALUES ('144', '44', '8', 'Harum ipsum quia dicta atque sint quia quis. Aut facere atque eligendi autem. Ab mollitia nesciunt et quo quae nobis. Distinctio autem magni aut rem atque nostrum.', '1976-01-11 01:02:57');
INSERT INTO `messages` (`id`, `from_user_id`, `to_user_id`, `body`, `created_at`) VALUES ('145', '45', '6', 'Voluptates dolorum nihil asperiores in qui perferendis sint. Est voluptatem alias alias et.', '2001-11-05 02:36:45');
INSERT INTO `messages` (`id`, `from_user_id`, `to_user_id`, `body`, `created_at`) VALUES ('146', '46', '2', 'Qui impedit et quae. Qui eligendi rerum sit et sapiente neque. Enim sit harum et.', '1986-02-06 02:50:51');
INSERT INTO `messages` (`id`, `from_user_id`, `to_user_id`, `body`, `created_at`) VALUES ('147', '47', '5', 'Qui officiis eligendi nesciunt culpa inventore qui. Vitae dolores fuga aut enim ullam.', '1981-07-23 23:04:08');
INSERT INTO `messages` (`id`, `from_user_id`, `to_user_id`, `body`, `created_at`) VALUES ('150', '50', '9', 'Eos ullam et aperiam voluptatem earum maiores et. Itaque sed iste et dignissimos iure saepe eos ad. Ipsa rerum aut ipsam tenetur blanditiis temporibus voluptatem.', '2015-08-25 10:51:47');
INSERT INTO `messages` (`id`, `from_user_id`, `to_user_id`, `body`, `created_at`) VALUES ('152', '2', '2', 'Ad voluptate voluptates nostrum quia cum. Sed ratione aut doloremque. Inventore illum labore aspernatur minima.', '2010-02-24 05:04:39');
INSERT INTO `messages` (`id`, `from_user_id`, `to_user_id`, `body`, `created_at`) VALUES ('153', '3', '9', 'Accusantium rerum qui corrupti labore. Eum similique aut est rem iste nobis animi veritatis. Natus nesciunt magni ea at. Voluptatem voluptatem enim unde eaque aut doloremque est.', '1973-11-14 15:53:30');
INSERT INTO `messages` (`id`, `from_user_id`, `to_user_id`, `body`, `created_at`) VALUES ('154', '4', '6', 'Doloribus perspiciatis repellendus quia ipsum in maxime similique quam. Ipsum quasi rerum autem porro. Eum perferendis quis dolores doloremque.', '2001-07-11 01:52:33');
INSERT INTO `messages` (`id`, `from_user_id`, `to_user_id`, `body`, `created_at`) VALUES ('155', '5', '4', 'Perspiciatis nesciunt porro alias sint nobis sunt neque voluptas. Ad magni beatae natus voluptatem quidem cupiditate. Quae voluptatem tempora non ipsam nihil qui.', '1974-01-07 05:47:29');
INSERT INTO `messages` (`id`, `from_user_id`, `to_user_id`, `body`, `created_at`) VALUES ('156', '6', '5', 'Explicabo non fuga doloremque ipsam et. Vel accusamus sapiente rerum expedita quis ipsam. Iusto tempora ea voluptatem consectetur.', '1977-02-10 06:28:04');
INSERT INTO `messages` (`id`, `from_user_id`, `to_user_id`, `body`, `created_at`) VALUES ('157', '7', '3', 'Qui quae cumque aspernatur quisquam sed cum. Saepe perferendis et fuga eos in voluptatibus nam laboriosam. Unde et recusandae aut est fuga optio. Quis amet adipisci consequatur non dolor.', '1972-10-03 00:31:11');
INSERT INTO `messages` (`id`, `from_user_id`, `to_user_id`, `body`, `created_at`) VALUES ('161', '11', '2', 'Illum soluta optio sit maiores ea et ipsum. Facilis nobis non qui est esse tempora aut. Ducimus fugiat nostrum aliquid a nihil.', '2012-03-05 19:40:50');
INSERT INTO `messages` (`id`, `from_user_id`, `to_user_id`, `body`, `created_at`) VALUES ('162', '12', '6', 'Eos est minima dignissimos. Iste quia et ex repellendus. Placeat libero velit aliquam nisi qui aspernatur.', '1976-02-20 00:14:54');
INSERT INTO `messages` (`id`, `from_user_id`, `to_user_id`, `body`, `created_at`) VALUES ('163', '13', '4', 'Officiis qui illo quo omnis eos assumenda. Aliquam reprehenderit laboriosam magni iusto laborum. Non consequatur incidunt dolores autem adipisci sit.', '2003-04-03 02:40:28');
INSERT INTO `messages` (`id`, `from_user_id`, `to_user_id`, `body`, `created_at`) VALUES ('164', '14', '7', 'Ipsam quis molestias necessitatibus. Vitae ut est molestias facere modi ipsam atque. Quaerat repudiandae nihil est quo tempora.', '1991-03-11 12:10:36');
INSERT INTO `messages` (`id`, `from_user_id`, `to_user_id`, `body`, `created_at`) VALUES ('165', '15', '5', 'Non est et et modi laboriosam hic earum. Enim quia delectus tempora provident voluptas aliquid.', '1973-11-30 12:30:27');
INSERT INTO `messages` (`id`, `from_user_id`, `to_user_id`, `body`, `created_at`) VALUES ('166', '16', '8', 'Sint perferendis deleniti veniam esse repellat assumenda. Laborum aspernatur sit eveniet in inventore. Atque temporibus assumenda commodi est officiis nesciunt sed. Velit iusto minima harum dolor.', '1999-03-15 06:27:06');
INSERT INTO `messages` (`id`, `from_user_id`, `to_user_id`, `body`, `created_at`) VALUES ('167', '17', '6', 'Esse omnis recusandae et et a aut. Architecto facere aut et laudantium non. Consequatur sequi temporibus dolor quia odio.', '2005-12-22 07:57:48');
INSERT INTO `messages` (`id`, `from_user_id`, `to_user_id`, `body`, `created_at`) VALUES ('168', '18', '6', 'Nihil veniam non doloribus enim. Reiciendis rem et dolorum. Sequi quia ea excepturi quam. Suscipit quo iusto temporibus et.', '1977-09-01 00:26:12');
INSERT INTO `messages` (`id`, `from_user_id`, `to_user_id`, `body`, `created_at`) VALUES ('169', '19', '1', 'Iure ut commodi necessitatibus tenetur provident nisi in. Omnis id facilis iure accusantium tenetur labore repudiandae est. Id laudantium eos provident quae perferendis. Ea sunt optio est quis.', '2003-09-13 22:20:51');
INSERT INTO `messages` (`id`, `from_user_id`, `to_user_id`, `body`, `created_at`) VALUES ('170', '20', '3', 'Dolore soluta et aut aliquid in cupiditate. Quam quibusdam ad iusto magnam deserunt velit dignissimos fuga.', '2010-08-05 21:03:40');
INSERT INTO `messages` (`id`, `from_user_id`, `to_user_id`, `body`, `created_at`) VALUES ('171', '21', '1', 'Ad porro qui doloribus saepe qui saepe nisi. A non nemo autem optio tempora. Magnam quia numquam non et et aut enim repellat. Minima dolores error enim iste cum consequatur aperiam.', '2018-07-17 03:00:55');
INSERT INTO `messages` (`id`, `from_user_id`, `to_user_id`, `body`, `created_at`) VALUES ('172', '22', '5', 'Molestiae voluptate consectetur eum doloremque. Eos molestiae sit ipsam quia ratione cupiditate ut. Et voluptates dolor esse et.', '1994-11-02 13:23:07');
INSERT INTO `messages` (`id`, `from_user_id`, `to_user_id`, `body`, `created_at`) VALUES ('174', '24', '6', 'Et pariatur distinctio numquam facilis ut rem. Eum mollitia quam repudiandae veniam nisi. Aut molestias id quasi ea necessitatibus facilis sed. Sint nisi sint optio eius ullam at inventore.', '1987-06-22 00:19:48');
INSERT INTO `messages` (`id`, `from_user_id`, `to_user_id`, `body`, `created_at`) VALUES ('175', '25', '1', 'Atque quia at debitis eos. Qui repellat impedit natus. Voluptates rerum explicabo voluptatem nostrum saepe.', '2014-10-29 11:19:52');
INSERT INTO `messages` (`id`, `from_user_id`, `to_user_id`, `body`, `created_at`) VALUES ('177', '27', '1', 'Enim a minima voluptatem corrupti enim voluptatem quo quasi. Explicabo et quia temporibus sit sit. Dolores veniam qui iste cum. Sed ad quis laudantium voluptatem pariatur.', '1977-03-28 06:19:10');
INSERT INTO `messages` (`id`, `from_user_id`, `to_user_id`, `body`, `created_at`) VALUES ('178', '28', '8', 'Facere ut et dolor optio at adipisci delectus. Est in qui nemo ipsam eaque explicabo. Minima facere et at aliquid cumque rerum.', '1986-07-07 17:47:00');
INSERT INTO `messages` (`id`, `from_user_id`, `to_user_id`, `body`, `created_at`) VALUES ('179', '29', '9', 'Est necessitatibus et quia. Similique et consequatur eos voluptas molestiae. Ut nesciunt quod consequatur unde rerum est. Veritatis sint necessitatibus dignissimos minima quo est.', '1979-01-09 17:04:39');
INSERT INTO `messages` (`id`, `from_user_id`, `to_user_id`, `body`, `created_at`) VALUES ('180', '30', '6', 'Eum molestiae hic et quia incidunt. Id dolorum necessitatibus quae sunt rerum. Rerum reprehenderit minus mollitia non vitae velit quos ut.', '1992-04-07 17:13:52');
INSERT INTO `messages` (`id`, `from_user_id`, `to_user_id`, `body`, `created_at`) VALUES ('181', '31', '1', 'Debitis quod sit sed et rerum enim quis. Quis libero dolorem dolores earum voluptas. Nostrum quo et voluptas ut molestiae quibusdam. In iure perferendis enim.', '1976-01-31 02:01:57');
INSERT INTO `messages` (`id`, `from_user_id`, `to_user_id`, `body`, `created_at`) VALUES ('182', '32', '3', 'Architecto consequuntur nostrum velit modi repellendus. Aut quod quas minus eos. Perferendis qui ullam itaque doloribus aut sit. Autem similique molestias ut autem.', '2002-08-26 01:27:17');
INSERT INTO `messages` (`id`, `from_user_id`, `to_user_id`, `body`, `created_at`) VALUES ('183', '33', '2', 'Culpa optio dolor vitae expedita aliquam cum totam. Vel dolor rerum et quia omnis. Perspiciatis voluptatem officiis occaecati. Et et ullam doloremque iste.', '1997-07-02 23:40:24');
INSERT INTO `messages` (`id`, `from_user_id`, `to_user_id`, `body`, `created_at`) VALUES ('184', '34', '1', 'Consectetur amet deserunt et labore nemo aut. Nemo nulla tempora quo ea ut eum. Aut est sequi dolores enim ex fugit ea.', '2019-05-31 11:01:09');
INSERT INTO `messages` (`id`, `from_user_id`, `to_user_id`, `body`, `created_at`) VALUES ('185', '35', '5', 'Qui ut repellendus nobis fugiat dolorum qui molestias. Nobis optio omnis fugit quia et officiis. Ut amet deserunt non est blanditiis ipsam omnis.', '2016-02-29 23:30:16');
INSERT INTO `messages` (`id`, `from_user_id`, `to_user_id`, `body`, `created_at`) VALUES ('186', '36', '6', 'Repudiandae asperiores eum repudiandae. Rerum cumque vel repellendus ipsa. Similique quis maiores est qui natus quis voluptatem distinctio. Consequatur nemo et fugit animi sed ullam. Recusandae omnis ullam neque dicta ipsam voluptatibus.', '2004-05-16 05:36:28');
INSERT INTO `messages` (`id`, `from_user_id`, `to_user_id`, `body`, `created_at`) VALUES ('187', '37', '4', 'Omnis nobis nostrum aut et autem esse. Nostrum nihil necessitatibus praesentium quibusdam animi.', '1980-03-24 16:07:10');
INSERT INTO `messages` (`id`, `from_user_id`, `to_user_id`, `body`, `created_at`) VALUES ('190', '40', '7', 'Reiciendis consequatur ut aut totam sapiente. Assumenda quibusdam suscipit voluptatem occaecati mollitia ut. Animi est eos consequuntur voluptate qui earum voluptatibus. Eum ea exercitationem sint nisi quis.', '1993-06-08 13:47:55');
INSERT INTO `messages` (`id`, `from_user_id`, `to_user_id`, `body`, `created_at`) VALUES ('191', '41', '3', 'Dolores facere quibusdam expedita assumenda. Sit quia odit quidem odio. Voluptas ut culpa aut exercitationem est iste omnis.', '1983-03-11 01:53:03');
INSERT INTO `messages` (`id`, `from_user_id`, `to_user_id`, `body`, `created_at`) VALUES ('192', '42', '2', 'Amet sint dolore adipisci quis exercitationem. Voluptatem id aut tempore sit. Nesciunt omnis sunt quis ex. Officiis dicta voluptates blanditiis facere et.', '1989-01-11 23:21:11');
INSERT INTO `messages` (`id`, `from_user_id`, `to_user_id`, `body`, `created_at`) VALUES ('193', '43', '5', 'Velit magni velit et qui quaerat laudantium. Eaque dicta sit aspernatur unde tenetur voluptatibus ullam. Voluptas sit explicabo quis et at. Molestias animi voluptatem quo nemo cumque a.', '2007-10-07 22:48:16');
INSERT INTO `messages` (`id`, `from_user_id`, `to_user_id`, `body`, `created_at`) VALUES ('194', '44', '4', 'Rerum enim nisi est. Non quos et et ratione fugit quisquam. Maiores magnam non cum corrupti fugiat sequi.', '1983-05-07 19:27:21');
INSERT INTO `messages` (`id`, `from_user_id`, `to_user_id`, `body`, `created_at`) VALUES ('195', '45', '9', 'Sit voluptatem soluta totam eum aut illum maiores. Vitae commodi qui aut excepturi ut expedita. Suscipit dolore est consequatur aut sequi id.', '1986-05-13 16:52:58');
INSERT INTO `messages` (`id`, `from_user_id`, `to_user_id`, `body`, `created_at`) VALUES ('196', '46', '2', 'Et voluptas praesentium voluptate magnam quia officiis quibusdam. Quidem sequi sed aut molestias quam. Tenetur quasi sit dolores libero consequatur vero.', '1971-12-20 11:58:54');
INSERT INTO `messages` (`id`, `from_user_id`, `to_user_id`, `body`, `created_at`) VALUES ('197', '47', '5', 'Sed et ipsa eum deserunt dignissimos. Aut nisi ipsam repellendus non eos unde consequatur ipsa. Repellat dolores velit temporibus magni. Omnis sit et eveniet quos excepturi id cumque.', '1975-04-20 16:23:33');
INSERT INTO `messages` (`id`, `from_user_id`, `to_user_id`, `body`, `created_at`) VALUES ('198', '48', '5', 'Ut consequuntur iusto enim quia laboriosam. Debitis rerum sint laudantium aut voluptas. Laborum est animi nobis quos sunt.', '1981-12-18 02:24:21');
INSERT INTO `messages` (`id`, `from_user_id`, `to_user_id`, `body`, `created_at`) VALUES ('199', '49', '2', 'Aperiam magnam et doloremque officiis et. Odio error neque dolores repellat. Est quam deleniti asperiores minus.', '1982-08-22 06:49:32');
INSERT INTO `messages` (`id`, `from_user_id`, `to_user_id`, `body`, `created_at`) VALUES ('200', '50', '7', 'Quia ut corporis fugiat voluptatum cupiditate sed quos repudiandae. Eius qui quia ut vel adipisci dignissimos aliquam. Dolorum voluptate possimus qui aperiam esse. Corporis aut hic ipsam quidem.', '2010-04-24 00:53:03');

#
# TABLE STRUCTURE FOR: playlist
#


INSERT INTO `playlist` (`id`, `name`, `user_id`) VALUES ('1', 'aut', '1');
INSERT INTO `playlist` (`id`, `name`, `user_id`) VALUES ('2', 'quos', '2');
INSERT INTO `playlist` (`id`, `name`, `user_id`) VALUES ('3', 'itaque', '3');
INSERT INTO `playlist` (`id`, `name`, `user_id`) VALUES ('4', 'quae', '4');
INSERT INTO `playlist` (`id`, `name`, `user_id`) VALUES ('5', 'error', '5');
INSERT INTO `playlist` (`id`, `name`, `user_id`) VALUES ('6', 'nihil', '6');
INSERT INTO `playlist` (`id`, `name`, `user_id`) VALUES ('7', 'velit', '7');
INSERT INTO `playlist` (`id`, `name`, `user_id`) VALUES ('8', 'sequi', '8');
INSERT INTO `playlist` (`id`, `name`, `user_id`) VALUES ('9', 'voluptas', '9');
INSERT INTO `playlist` (`id`, `name`, `user_id`) VALUES ('10', 'odit', '10');
INSERT INTO `playlist` (`id`, `name`, `user_id`) VALUES ('11', 'autem', '11');
INSERT INTO `playlist` (`id`, `name`, `user_id`) VALUES ('12', 'cupiditate', '12');
INSERT INTO `playlist` (`id`, `name`, `user_id`) VALUES ('13', 'voluptatem', '13');
INSERT INTO `playlist` (`id`, `name`, `user_id`) VALUES ('14', 'provident', '14');
INSERT INTO `playlist` (`id`, `name`, `user_id`) VALUES ('15', 'debitis', '15');
INSERT INTO `playlist` (`id`, `name`, `user_id`) VALUES ('16', 'consectetur', '16');
INSERT INTO `playlist` (`id`, `name`, `user_id`) VALUES ('17', 'deleniti', '17');
INSERT INTO `playlist` (`id`, `name`, `user_id`) VALUES ('18', 'architecto', '18');
INSERT INTO `playlist` (`id`, `name`, `user_id`) VALUES ('19', 'libero', '19');
INSERT INTO `playlist` (`id`, `name`, `user_id`) VALUES ('20', 'voluptas', '20');
INSERT INTO `playlist` (`id`, `name`, `user_id`) VALUES ('21', 'ea', '21');
INSERT INTO `playlist` (`id`, `name`, `user_id`) VALUES ('22', 'ipsam', '22');
INSERT INTO `playlist` (`id`, `name`, `user_id`) VALUES ('23', 'pariatur', '23');
INSERT INTO `playlist` (`id`, `name`, `user_id`) VALUES ('24', 'praesentium', '24');
INSERT INTO `playlist` (`id`, `name`, `user_id`) VALUES ('25', 'et', '25');
INSERT INTO `playlist` (`id`, `name`, `user_id`) VALUES ('26', 'aliquam', '26');
INSERT INTO `playlist` (`id`, `name`, `user_id`) VALUES ('27', 'ut', '27');
INSERT INTO `playlist` (`id`, `name`, `user_id`) VALUES ('28', 'qui', '28');
INSERT INTO `playlist` (`id`, `name`, `user_id`) VALUES ('29', 'laboriosam', '29');
INSERT INTO `playlist` (`id`, `name`, `user_id`) VALUES ('30', 'et', '30');
INSERT INTO `playlist` (`id`, `name`, `user_id`) VALUES ('31', 'veniam', '31');
INSERT INTO `playlist` (`id`, `name`, `user_id`) VALUES ('32', 'fugit', '32');
INSERT INTO `playlist` (`id`, `name`, `user_id`) VALUES ('33', 'nisi', '33');
INSERT INTO `playlist` (`id`, `name`, `user_id`) VALUES ('34', 'mollitia', '34');
INSERT INTO `playlist` (`id`, `name`, `user_id`) VALUES ('35', 'et', '35');
INSERT INTO `playlist` (`id`, `name`, `user_id`) VALUES ('36', 'omnis', '36');
INSERT INTO `playlist` (`id`, `name`, `user_id`) VALUES ('37', 'similique', '37');
INSERT INTO `playlist` (`id`, `name`, `user_id`) VALUES ('38', 'nostrum', '38');
INSERT INTO `playlist` (`id`, `name`, `user_id`) VALUES ('39', 'voluptas', '39');
INSERT INTO `playlist` (`id`, `name`, `user_id`) VALUES ('40', 'eum', '40');
INSERT INTO `playlist` (`id`, `name`, `user_id`) VALUES ('41', 'facere', '41');
INSERT INTO `playlist` (`id`, `name`, `user_id`) VALUES ('42', 'consequatur', '42');
INSERT INTO `playlist` (`id`, `name`, `user_id`) VALUES ('43', 'est', '43');
INSERT INTO `playlist` (`id`, `name`, `user_id`) VALUES ('44', 'nisi', '44');
INSERT INTO `playlist` (`id`, `name`, `user_id`) VALUES ('45', 'velit', '45');
INSERT INTO `playlist` (`id`, `name`, `user_id`) VALUES ('46', 'distinctio', '46');
INSERT INTO `playlist` (`id`, `name`, `user_id`) VALUES ('47', 'quod', '47');
INSERT INTO `playlist` (`id`, `name`, `user_id`) VALUES ('48', 'eos', '48');
INSERT INTO `playlist` (`id`, `name`, `user_id`) VALUES ('49', 'eveniet', '49');
INSERT INTO `playlist` (`id`, `name`, `user_id`) VALUES ('50', 'voluptatum', '50');
INSERT INTO `playlist` (`id`, `name`, `user_id`) VALUES ('51', 'minus', '1');
INSERT INTO `playlist` (`id`, `name`, `user_id`) VALUES ('52', 'vitae', '2');
INSERT INTO `playlist` (`id`, `name`, `user_id`) VALUES ('53', 'necessitatibus', '3');
INSERT INTO `playlist` (`id`, `name`, `user_id`) VALUES ('54', 'facere', '4');
INSERT INTO `playlist` (`id`, `name`, `user_id`) VALUES ('55', 'quibusdam', '5');
INSERT INTO `playlist` (`id`, `name`, `user_id`) VALUES ('56', 'tenetur', '6');
INSERT INTO `playlist` (`id`, `name`, `user_id`) VALUES ('57', 'ea', '7');
INSERT INTO `playlist` (`id`, `name`, `user_id`) VALUES ('58', 'dolor', '8');
INSERT INTO `playlist` (`id`, `name`, `user_id`) VALUES ('59', 'voluptatibus', '9');
INSERT INTO `playlist` (`id`, `name`, `user_id`) VALUES ('60', 'aut', '10');
INSERT INTO `playlist` (`id`, `name`, `user_id`) VALUES ('61', 'qui', '11');
INSERT INTO `playlist` (`id`, `name`, `user_id`) VALUES ('62', 'rerum', '12');
INSERT INTO `playlist` (`id`, `name`, `user_id`) VALUES ('63', 'magnam', '13');
INSERT INTO `playlist` (`id`, `name`, `user_id`) VALUES ('64', 'ullam', '14');
INSERT INTO `playlist` (`id`, `name`, `user_id`) VALUES ('65', 'molestiae', '15');
INSERT INTO `playlist` (`id`, `name`, `user_id`) VALUES ('66', 'incidunt', '16');
INSERT INTO `playlist` (`id`, `name`, `user_id`) VALUES ('67', 'atque', '17');
INSERT INTO `playlist` (`id`, `name`, `user_id`) VALUES ('68', 'est', '18');
INSERT INTO `playlist` (`id`, `name`, `user_id`) VALUES ('69', 'et', '19');
INSERT INTO `playlist` (`id`, `name`, `user_id`) VALUES ('70', 'amet', '20');
INSERT INTO `playlist` (`id`, `name`, `user_id`) VALUES ('71', 'natus', '21');
INSERT INTO `playlist` (`id`, `name`, `user_id`) VALUES ('72', 'mollitia', '22');
INSERT INTO `playlist` (`id`, `name`, `user_id`) VALUES ('73', 'doloribus', '23');
INSERT INTO `playlist` (`id`, `name`, `user_id`) VALUES ('74', 'et', '24');
INSERT INTO `playlist` (`id`, `name`, `user_id`) VALUES ('75', 'id', '25');
INSERT INTO `playlist` (`id`, `name`, `user_id`) VALUES ('76', 'harum', '26');
INSERT INTO `playlist` (`id`, `name`, `user_id`) VALUES ('77', 'at', '27');
INSERT INTO `playlist` (`id`, `name`, `user_id`) VALUES ('78', 'sit', '28');
INSERT INTO `playlist` (`id`, `name`, `user_id`) VALUES ('79', 'nihil', '29');
INSERT INTO `playlist` (`id`, `name`, `user_id`) VALUES ('80', 'pariatur', '30');
INSERT INTO `playlist` (`id`, `name`, `user_id`) VALUES ('81', 'ut', '31');
INSERT INTO `playlist` (`id`, `name`, `user_id`) VALUES ('82', 'nobis', '32');
INSERT INTO `playlist` (`id`, `name`, `user_id`) VALUES ('83', 'libero', '33');
INSERT INTO `playlist` (`id`, `name`, `user_id`) VALUES ('84', 'corporis', '34');
INSERT INTO `playlist` (`id`, `name`, `user_id`) VALUES ('85', 'dolorem', '35');
INSERT INTO `playlist` (`id`, `name`, `user_id`) VALUES ('86', 'debitis', '36');
INSERT INTO `playlist` (`id`, `name`, `user_id`) VALUES ('87', 'quo', '37');
INSERT INTO `playlist` (`id`, `name`, `user_id`) VALUES ('88', 'vel', '38');
INSERT INTO `playlist` (`id`, `name`, `user_id`) VALUES ('89', 'quae', '39');
INSERT INTO `playlist` (`id`, `name`, `user_id`) VALUES ('90', 'et', '40');
INSERT INTO `playlist` (`id`, `name`, `user_id`) VALUES ('91', 'veritatis', '41');
INSERT INTO `playlist` (`id`, `name`, `user_id`) VALUES ('92', 'libero', '42');
INSERT INTO `playlist` (`id`, `name`, `user_id`) VALUES ('93', 'placeat', '43');
INSERT INTO `playlist` (`id`, `name`, `user_id`) VALUES ('94', 'corporis', '44');
INSERT INTO `playlist` (`id`, `name`, `user_id`) VALUES ('95', 'totam', '45');
INSERT INTO `playlist` (`id`, `name`, `user_id`) VALUES ('96', 'molestiae', '46');
INSERT INTO `playlist` (`id`, `name`, `user_id`) VALUES ('97', 'dolorum', '47');
INSERT INTO `playlist` (`id`, `name`, `user_id`) VALUES ('98', 'neque', '48');
INSERT INTO `playlist` (`id`, `name`, `user_id`) VALUES ('99', 'facilis', '49');
INSERT INTO `playlist` (`id`, `name`, `user_id`) VALUES ('100', 'quia', '50');

#
# TABLE STRUCTURE FOR: music
#


INSERT INTO `music` (`id`, `song_name`, `singer_name`, `user_id`, `media_id`, `playlist_id`) VALUES ('1', 'rerum', 'architecto', '1', '1', '1');
INSERT INTO `music` (`id`, `song_name`, `singer_name`, `user_id`, `media_id`, `playlist_id`) VALUES ('2', 'totam', 'itaque', '2', '2', '2');
INSERT INTO `music` (`id`, `song_name`, `singer_name`, `user_id`, `media_id`, `playlist_id`) VALUES ('3', 'corrupti', 'vel', '3', '3', '3');
INSERT INTO `music` (`id`, `song_name`, `singer_name`, `user_id`, `media_id`, `playlist_id`) VALUES ('4', 'repellat', 'nostrum', '4', '4', '4');
INSERT INTO `music` (`id`, `song_name`, `singer_name`, `user_id`, `media_id`, `playlist_id`) VALUES ('5', 'quo', 'quos', '5', '5', '5');
INSERT INTO `music` (`id`, `song_name`, `singer_name`, `user_id`, `media_id`, `playlist_id`) VALUES ('6', 'earum', 'voluptatum', '6', '6', '6');
INSERT INTO `music` (`id`, `song_name`, `singer_name`, `user_id`, `media_id`, `playlist_id`) VALUES ('7', 'nemo', 'excepturi', '7', '7', '7');
INSERT INTO `music` (`id`, `song_name`, `singer_name`, `user_id`, `media_id`, `playlist_id`) VALUES ('8', 'autem', 'quae', '8', '8', '8');
INSERT INTO `music` (`id`, `song_name`, `singer_name`, `user_id`, `media_id`, `playlist_id`) VALUES ('9', 'tempora', 'corporis', '9', '9', '9');
INSERT INTO `music` (`id`, `song_name`, `singer_name`, `user_id`, `media_id`, `playlist_id`) VALUES ('10', 'unde', 'nihil', '10', '10', '10');
INSERT INTO `music` (`id`, `song_name`, `singer_name`, `user_id`, `media_id`, `playlist_id`) VALUES ('11', 'ut', 'consequatur', '11', '11', '11');
INSERT INTO `music` (`id`, `song_name`, `singer_name`, `user_id`, `media_id`, `playlist_id`) VALUES ('12', 'dolorum', 'doloremque', '12', '12', '12');
INSERT INTO `music` (`id`, `song_name`, `singer_name`, `user_id`, `media_id`, `playlist_id`) VALUES ('13', 'reiciendis', 'ut', '13', '13', '13');
INSERT INTO `music` (`id`, `song_name`, `singer_name`, `user_id`, `media_id`, `playlist_id`) VALUES ('14', 'maiores', 'accusantium', '14', '14', '14');
INSERT INTO `music` (`id`, `song_name`, `singer_name`, `user_id`, `media_id`, `playlist_id`) VALUES ('15', 'quibusdam', 'et', '15', '15', '15');
INSERT INTO `music` (`id`, `song_name`, `singer_name`, `user_id`, `media_id`, `playlist_id`) VALUES ('16', 'est', 'quidem', '16', '16', '16');
INSERT INTO `music` (`id`, `song_name`, `singer_name`, `user_id`, `media_id`, `playlist_id`) VALUES ('17', 'error', 'aliquam', '17', '17', '17');
INSERT INTO `music` (`id`, `song_name`, `singer_name`, `user_id`, `media_id`, `playlist_id`) VALUES ('18', 'officia', 'enim', '18', '18', '18');
INSERT INTO `music` (`id`, `song_name`, `singer_name`, `user_id`, `media_id`, `playlist_id`) VALUES ('19', 'rerum', 'enim', '19', '19', '19');
INSERT INTO `music` (`id`, `song_name`, `singer_name`, `user_id`, `media_id`, `playlist_id`) VALUES ('20', 'voluptas', 'et', '20', '20', '20');
INSERT INTO `music` (`id`, `song_name`, `singer_name`, `user_id`, `media_id`, `playlist_id`) VALUES ('21', 'qui', 'aut', '21', '21', '21');
INSERT INTO `music` (`id`, `song_name`, `singer_name`, `user_id`, `media_id`, `playlist_id`) VALUES ('22', 'tempore', 'est', '22', '22', '22');
INSERT INTO `music` (`id`, `song_name`, `singer_name`, `user_id`, `media_id`, `playlist_id`) VALUES ('23', 'et', 'aut', '23', '23', '23');
INSERT INTO `music` (`id`, `song_name`, `singer_name`, `user_id`, `media_id`, `playlist_id`) VALUES ('24', 'qui', 'omnis', '24', '24', '24');
INSERT INTO `music` (`id`, `song_name`, `singer_name`, `user_id`, `media_id`, `playlist_id`) VALUES ('25', 'voluptas', 'veritatis', '25', '25', '25');
INSERT INTO `music` (`id`, `song_name`, `singer_name`, `user_id`, `media_id`, `playlist_id`) VALUES ('26', 'dolore', 'mollitia', '26', '26', '26');
INSERT INTO `music` (`id`, `song_name`, `singer_name`, `user_id`, `media_id`, `playlist_id`) VALUES ('27', 'et', 'eaque', '27', '27', '27');
INSERT INTO `music` (`id`, `song_name`, `singer_name`, `user_id`, `media_id`, `playlist_id`) VALUES ('28', 'vel', 'sint', '28', '28', '28');
INSERT INTO `music` (`id`, `song_name`, `singer_name`, `user_id`, `media_id`, `playlist_id`) VALUES ('29', 'doloremque', 'error', '29', '29', '29');
INSERT INTO `music` (`id`, `song_name`, `singer_name`, `user_id`, `media_id`, `playlist_id`) VALUES ('30', 'aut', 'esse', '30', '30', '30');
INSERT INTO `music` (`id`, `song_name`, `singer_name`, `user_id`, `media_id`, `playlist_id`) VALUES ('31', 'deserunt', 'ut', '31', '31', '31');
INSERT INTO `music` (`id`, `song_name`, `singer_name`, `user_id`, `media_id`, `playlist_id`) VALUES ('32', 'reiciendis', 'laboriosam', '32', '32', '32');
INSERT INTO `music` (`id`, `song_name`, `singer_name`, `user_id`, `media_id`, `playlist_id`) VALUES ('33', 'fugit', 'pariatur', '33', '33', '33');
INSERT INTO `music` (`id`, `song_name`, `singer_name`, `user_id`, `media_id`, `playlist_id`) VALUES ('34', 'ullam', 'velit', '34', '34', '34');
INSERT INTO `music` (`id`, `song_name`, `singer_name`, `user_id`, `media_id`, `playlist_id`) VALUES ('35', 'laborum', 'optio', '35', '35', '35');
INSERT INTO `music` (`id`, `song_name`, `singer_name`, `user_id`, `media_id`, `playlist_id`) VALUES ('36', 'quia', 'et', '36', '36', '36');
INSERT INTO `music` (`id`, `song_name`, `singer_name`, `user_id`, `media_id`, `playlist_id`) VALUES ('37', 'sequi', 'illum', '37', '37', '37');
INSERT INTO `music` (`id`, `song_name`, `singer_name`, `user_id`, `media_id`, `playlist_id`) VALUES ('38', 'ut', 'et', '38', '38', '38');
INSERT INTO `music` (`id`, `song_name`, `singer_name`, `user_id`, `media_id`, `playlist_id`) VALUES ('39', 'et', 'nam', '39', '39', '39');
INSERT INTO `music` (`id`, `song_name`, `singer_name`, `user_id`, `media_id`, `playlist_id`) VALUES ('40', 'hic', 'qui', '40', '40', '40');
INSERT INTO `music` (`id`, `song_name`, `singer_name`, `user_id`, `media_id`, `playlist_id`) VALUES ('41', 'necessitatibus', 'ducimus', '41', '41', '41');
INSERT INTO `music` (`id`, `song_name`, `singer_name`, `user_id`, `media_id`, `playlist_id`) VALUES ('42', 'porro', 'est', '42', '42', '42');
INSERT INTO `music` (`id`, `song_name`, `singer_name`, `user_id`, `media_id`, `playlist_id`) VALUES ('43', 'itaque', 'sit', '43', '43', '43');
INSERT INTO `music` (`id`, `song_name`, `singer_name`, `user_id`, `media_id`, `playlist_id`) VALUES ('44', 'dolores', 'quod', '44', '44', '44');
INSERT INTO `music` (`id`, `song_name`, `singer_name`, `user_id`, `media_id`, `playlist_id`) VALUES ('45', 'quaerat', 'corrupti', '45', '45', '45');
INSERT INTO `music` (`id`, `song_name`, `singer_name`, `user_id`, `media_id`, `playlist_id`) VALUES ('46', 'cum', 'placeat', '46', '46', '46');
INSERT INTO `music` (`id`, `song_name`, `singer_name`, `user_id`, `media_id`, `playlist_id`) VALUES ('47', 'adipisci', 'id', '47', '47', '47');
INSERT INTO `music` (`id`, `song_name`, `singer_name`, `user_id`, `media_id`, `playlist_id`) VALUES ('48', 'eaque', 'qui', '48', '48', '48');
INSERT INTO `music` (`id`, `song_name`, `singer_name`, `user_id`, `media_id`, `playlist_id`) VALUES ('49', 'aut', 'quo', '49', '49', '49');
INSERT INTO `music` (`id`, `song_name`, `singer_name`, `user_id`, `media_id`, `playlist_id`) VALUES ('50', 'dolorem', 'qui', '50', '50', '50');
INSERT INTO `music` (`id`, `song_name`, `singer_name`, `user_id`, `media_id`, `playlist_id`) VALUES ('51', 'officia', 'architecto', '1', '51', '51');
INSERT INTO `music` (`id`, `song_name`, `singer_name`, `user_id`, `media_id`, `playlist_id`) VALUES ('52', 'accusantium', 'dignissimos', '2', '52', '52');
INSERT INTO `music` (`id`, `song_name`, `singer_name`, `user_id`, `media_id`, `playlist_id`) VALUES ('53', 'fuga', 'tempora', '3', '53', '53');
INSERT INTO `music` (`id`, `song_name`, `singer_name`, `user_id`, `media_id`, `playlist_id`) VALUES ('54', 'perspiciatis', 'sequi', '4', '54', '54');
INSERT INTO `music` (`id`, `song_name`, `singer_name`, `user_id`, `media_id`, `playlist_id`) VALUES ('55', 'ab', 'aut', '5', '55', '55');
INSERT INTO `music` (`id`, `song_name`, `singer_name`, `user_id`, `media_id`, `playlist_id`) VALUES ('56', 'quam', 'perspiciatis', '6', '56', '56');
INSERT INTO `music` (`id`, `song_name`, `singer_name`, `user_id`, `media_id`, `playlist_id`) VALUES ('57', 'perspiciatis', 'voluptatem', '7', '57', '57');
INSERT INTO `music` (`id`, `song_name`, `singer_name`, `user_id`, `media_id`, `playlist_id`) VALUES ('58', 'consequatur', 'excepturi', '8', '58', '58');
INSERT INTO `music` (`id`, `song_name`, `singer_name`, `user_id`, `media_id`, `playlist_id`) VALUES ('59', 'placeat', 'autem', '9', '59', '59');
INSERT INTO `music` (`id`, `song_name`, `singer_name`, `user_id`, `media_id`, `playlist_id`) VALUES ('60', 'similique', 'repellat', '10', '60', '60');
INSERT INTO `music` (`id`, `song_name`, `singer_name`, `user_id`, `media_id`, `playlist_id`) VALUES ('61', 'vel', 'reprehenderit', '11', '61', '61');
INSERT INTO `music` (`id`, `song_name`, `singer_name`, `user_id`, `media_id`, `playlist_id`) VALUES ('62', 'ratione', 'id', '12', '62', '62');
INSERT INTO `music` (`id`, `song_name`, `singer_name`, `user_id`, `media_id`, `playlist_id`) VALUES ('63', 'eos', 'rerum', '13', '63', '63');
INSERT INTO `music` (`id`, `song_name`, `singer_name`, `user_id`, `media_id`, `playlist_id`) VALUES ('64', 'et', 'et', '14', '64', '64');
INSERT INTO `music` (`id`, `song_name`, `singer_name`, `user_id`, `media_id`, `playlist_id`) VALUES ('65', 'quo', 'animi', '15', '65', '65');
INSERT INTO `music` (`id`, `song_name`, `singer_name`, `user_id`, `media_id`, `playlist_id`) VALUES ('66', 'officiis', 'modi', '16', '66', '66');
INSERT INTO `music` (`id`, `song_name`, `singer_name`, `user_id`, `media_id`, `playlist_id`) VALUES ('67', 'est', 'earum', '17', '67', '67');
INSERT INTO `music` (`id`, `song_name`, `singer_name`, `user_id`, `media_id`, `playlist_id`) VALUES ('68', 'qui', 'perspiciatis', '18', '68', '68');
INSERT INTO `music` (`id`, `song_name`, `singer_name`, `user_id`, `media_id`, `playlist_id`) VALUES ('69', 'ab', 'aut', '19', '69', '69');
INSERT INTO `music` (`id`, `song_name`, `singer_name`, `user_id`, `media_id`, `playlist_id`) VALUES ('70', 'perferendis', 'nihil', '20', '70', '70');
INSERT INTO `music` (`id`, `song_name`, `singer_name`, `user_id`, `media_id`, `playlist_id`) VALUES ('71', 'aperiam', 'aut', '21', '71', '71');
INSERT INTO `music` (`id`, `song_name`, `singer_name`, `user_id`, `media_id`, `playlist_id`) VALUES ('72', 'fuga', 'aliquam', '22', '72', '72');
INSERT INTO `music` (`id`, `song_name`, `singer_name`, `user_id`, `media_id`, `playlist_id`) VALUES ('73', 'voluptatem', 'occaecati', '23', '73', '73');
INSERT INTO `music` (`id`, `song_name`, `singer_name`, `user_id`, `media_id`, `playlist_id`) VALUES ('74', 'perferendis', 'et', '24', '74', '74');
INSERT INTO `music` (`id`, `song_name`, `singer_name`, `user_id`, `media_id`, `playlist_id`) VALUES ('75', 'laboriosam', 'aspernatur', '25', '75', '75');
INSERT INTO `music` (`id`, `song_name`, `singer_name`, `user_id`, `media_id`, `playlist_id`) VALUES ('76', 'autem', 'ut', '26', '76', '76');
INSERT INTO `music` (`id`, `song_name`, `singer_name`, `user_id`, `media_id`, `playlist_id`) VALUES ('77', 'cupiditate', 'et', '27', '77', '77');
INSERT INTO `music` (`id`, `song_name`, `singer_name`, `user_id`, `media_id`, `playlist_id`) VALUES ('78', 'recusandae', 'nemo', '28', '78', '78');
INSERT INTO `music` (`id`, `song_name`, `singer_name`, `user_id`, `media_id`, `playlist_id`) VALUES ('79', 'eligendi', 'incidunt', '29', '79', '79');
INSERT INTO `music` (`id`, `song_name`, `singer_name`, `user_id`, `media_id`, `playlist_id`) VALUES ('80', 'aut', 'aut', '30', '80', '80');
INSERT INTO `music` (`id`, `song_name`, `singer_name`, `user_id`, `media_id`, `playlist_id`) VALUES ('81', 'sed', 'vel', '31', '81', '81');
INSERT INTO `music` (`id`, `song_name`, `singer_name`, `user_id`, `media_id`, `playlist_id`) VALUES ('82', 'qui', 'ut', '32', '82', '82');
INSERT INTO `music` (`id`, `song_name`, `singer_name`, `user_id`, `media_id`, `playlist_id`) VALUES ('83', 'atque', 'sequi', '33', '83', '83');
INSERT INTO `music` (`id`, `song_name`, `singer_name`, `user_id`, `media_id`, `playlist_id`) VALUES ('84', 'omnis', 'ab', '34', '84', '84');
INSERT INTO `music` (`id`, `song_name`, `singer_name`, `user_id`, `media_id`, `playlist_id`) VALUES ('85', 'nisi', 'laudantium', '35', '85', '85');
INSERT INTO `music` (`id`, `song_name`, `singer_name`, `user_id`, `media_id`, `playlist_id`) VALUES ('86', 'porro', 'fugit', '36', '86', '86');
INSERT INTO `music` (`id`, `song_name`, `singer_name`, `user_id`, `media_id`, `playlist_id`) VALUES ('87', 'velit', 'sed', '37', '87', '87');
INSERT INTO `music` (`id`, `song_name`, `singer_name`, `user_id`, `media_id`, `playlist_id`) VALUES ('88', 'non', 'qui', '38', '88', '88');
INSERT INTO `music` (`id`, `song_name`, `singer_name`, `user_id`, `media_id`, `playlist_id`) VALUES ('89', 'reiciendis', 'aut', '39', '89', '89');
INSERT INTO `music` (`id`, `song_name`, `singer_name`, `user_id`, `media_id`, `playlist_id`) VALUES ('90', 'rerum', 'libero', '40', '90', '90');
INSERT INTO `music` (`id`, `song_name`, `singer_name`, `user_id`, `media_id`, `playlist_id`) VALUES ('91', 'voluptatem', 'aut', '41', '91', '91');
INSERT INTO `music` (`id`, `song_name`, `singer_name`, `user_id`, `media_id`, `playlist_id`) VALUES ('92', 'id', 'amet', '42', '92', '92');
INSERT INTO `music` (`id`, `song_name`, `singer_name`, `user_id`, `media_id`, `playlist_id`) VALUES ('93', 'distinctio', 'atque', '43', '93', '93');
INSERT INTO `music` (`id`, `song_name`, `singer_name`, `user_id`, `media_id`, `playlist_id`) VALUES ('94', 'laudantium', 'necessitatibus', '44', '94', '94');
INSERT INTO `music` (`id`, `song_name`, `singer_name`, `user_id`, `media_id`, `playlist_id`) VALUES ('95', 'voluptas', 'iste', '45', '95', '95');
INSERT INTO `music` (`id`, `song_name`, `singer_name`, `user_id`, `media_id`, `playlist_id`) VALUES ('96', 'pariatur', 'sit', '46', '96', '96');
INSERT INTO `music` (`id`, `song_name`, `singer_name`, `user_id`, `media_id`, `playlist_id`) VALUES ('97', 'voluptatem', 'error', '47', '97', '97');
INSERT INTO `music` (`id`, `song_name`, `singer_name`, `user_id`, `media_id`, `playlist_id`) VALUES ('98', 'hic', 'amet', '48', '98', '98');
INSERT INTO `music` (`id`, `song_name`, `singer_name`, `user_id`, `media_id`, `playlist_id`) VALUES ('99', 'ipsam', 'possimus', '49', '99', '99');
INSERT INTO `music` (`id`, `song_name`, `singer_name`, `user_id`, `media_id`, `playlist_id`) VALUES ('100', 'et', 'rerum', '50', '100', '100');


#
# TABLE STRUCTURE FOR: photo_albums
#


INSERT INTO `photo_albums` (`id`, `name`, `user_id`) VALUES ('1', 'laudantium', '1');
INSERT INTO `photo_albums` (`id`, `name`, `user_id`) VALUES ('2', 'repellendus', '2');
INSERT INTO `photo_albums` (`id`, `name`, `user_id`) VALUES ('3', 'odio', '3');
INSERT INTO `photo_albums` (`id`, `name`, `user_id`) VALUES ('4', 'rerum', '4');
INSERT INTO `photo_albums` (`id`, `name`, `user_id`) VALUES ('5', 'accusamus', '5');
INSERT INTO `photo_albums` (`id`, `name`, `user_id`) VALUES ('6', 'nam', '6');
INSERT INTO `photo_albums` (`id`, `name`, `user_id`) VALUES ('7', 'est', '7');
INSERT INTO `photo_albums` (`id`, `name`, `user_id`) VALUES ('8', 'deserunt', '8');
INSERT INTO `photo_albums` (`id`, `name`, `user_id`) VALUES ('9', 'deleniti', '9');
INSERT INTO `photo_albums` (`id`, `name`, `user_id`) VALUES ('10', 'voluptatum', '10');
INSERT INTO `photo_albums` (`id`, `name`, `user_id`) VALUES ('11', 'molestias', '11');
INSERT INTO `photo_albums` (`id`, `name`, `user_id`) VALUES ('12', 'aut', '12');
INSERT INTO `photo_albums` (`id`, `name`, `user_id`) VALUES ('13', 'iure', '13');
INSERT INTO `photo_albums` (`id`, `name`, `user_id`) VALUES ('14', 'velit', '14');
INSERT INTO `photo_albums` (`id`, `name`, `user_id`) VALUES ('15', 'ut', '15');
INSERT INTO `photo_albums` (`id`, `name`, `user_id`) VALUES ('16', 'vero', '16');
INSERT INTO `photo_albums` (`id`, `name`, `user_id`) VALUES ('17', 'sint', '17');
INSERT INTO `photo_albums` (`id`, `name`, `user_id`) VALUES ('18', 'voluptatem', '18');
INSERT INTO `photo_albums` (`id`, `name`, `user_id`) VALUES ('19', 'voluptatibus', '19');
INSERT INTO `photo_albums` (`id`, `name`, `user_id`) VALUES ('20', 'voluptatem', '20');
INSERT INTO `photo_albums` (`id`, `name`, `user_id`) VALUES ('21', 'id', '21');
INSERT INTO `photo_albums` (`id`, `name`, `user_id`) VALUES ('22', 'repellendus', '22');
INSERT INTO `photo_albums` (`id`, `name`, `user_id`) VALUES ('23', 'sunt', '23');
INSERT INTO `photo_albums` (`id`, `name`, `user_id`) VALUES ('24', 'nulla', '24');
INSERT INTO `photo_albums` (`id`, `name`, `user_id`) VALUES ('25', 'nesciunt', '25');
INSERT INTO `photo_albums` (`id`, `name`, `user_id`) VALUES ('26', 'odit', '26');
INSERT INTO `photo_albums` (`id`, `name`, `user_id`) VALUES ('27', 'rerum', '27');
INSERT INTO `photo_albums` (`id`, `name`, `user_id`) VALUES ('28', 'quod', '28');
INSERT INTO `photo_albums` (`id`, `name`, `user_id`) VALUES ('29', 'commodi', '29');
INSERT INTO `photo_albums` (`id`, `name`, `user_id`) VALUES ('30', 'deleniti', '30');
INSERT INTO `photo_albums` (`id`, `name`, `user_id`) VALUES ('31', 'mollitia', '31');
INSERT INTO `photo_albums` (`id`, `name`, `user_id`) VALUES ('32', 'laborum', '32');
INSERT INTO `photo_albums` (`id`, `name`, `user_id`) VALUES ('33', 'commodi', '33');
INSERT INTO `photo_albums` (`id`, `name`, `user_id`) VALUES ('34', 'voluptatum', '34');
INSERT INTO `photo_albums` (`id`, `name`, `user_id`) VALUES ('35', 'accusantium', '35');
INSERT INTO `photo_albums` (`id`, `name`, `user_id`) VALUES ('36', 'occaecati', '36');
INSERT INTO `photo_albums` (`id`, `name`, `user_id`) VALUES ('37', 'sit', '37');
INSERT INTO `photo_albums` (`id`, `name`, `user_id`) VALUES ('38', 'quis', '38');
INSERT INTO `photo_albums` (`id`, `name`, `user_id`) VALUES ('39', 'accusamus', '39');
INSERT INTO `photo_albums` (`id`, `name`, `user_id`) VALUES ('40', 'est', '40');
INSERT INTO `photo_albums` (`id`, `name`, `user_id`) VALUES ('41', 'dolores', '41');
INSERT INTO `photo_albums` (`id`, `name`, `user_id`) VALUES ('42', 'deserunt', '42');
INSERT INTO `photo_albums` (`id`, `name`, `user_id`) VALUES ('43', 'error', '43');
INSERT INTO `photo_albums` (`id`, `name`, `user_id`) VALUES ('44', 'iure', '44');
INSERT INTO `photo_albums` (`id`, `name`, `user_id`) VALUES ('45', 'et', '45');
INSERT INTO `photo_albums` (`id`, `name`, `user_id`) VALUES ('46', 'dolore', '46');
INSERT INTO `photo_albums` (`id`, `name`, `user_id`) VALUES ('47', 'debitis', '47');
INSERT INTO `photo_albums` (`id`, `name`, `user_id`) VALUES ('48', 'et', '48');
INSERT INTO `photo_albums` (`id`, `name`, `user_id`) VALUES ('49', 'magni', '49');
INSERT INTO `photo_albums` (`id`, `name`, `user_id`) VALUES ('50', 'libero', '50');
INSERT INTO `photo_albums` (`id`, `name`, `user_id`) VALUES ('51', 'aut', '1');
INSERT INTO `photo_albums` (`id`, `name`, `user_id`) VALUES ('52', 'aut', '2');
INSERT INTO `photo_albums` (`id`, `name`, `user_id`) VALUES ('53', 'maxime', '3');
INSERT INTO `photo_albums` (`id`, `name`, `user_id`) VALUES ('54', 'molestiae', '4');
INSERT INTO `photo_albums` (`id`, `name`, `user_id`) VALUES ('55', 'vero', '5');
INSERT INTO `photo_albums` (`id`, `name`, `user_id`) VALUES ('56', 'excepturi', '6');
INSERT INTO `photo_albums` (`id`, `name`, `user_id`) VALUES ('57', 'vitae', '7');
INSERT INTO `photo_albums` (`id`, `name`, `user_id`) VALUES ('58', 'magni', '8');
INSERT INTO `photo_albums` (`id`, `name`, `user_id`) VALUES ('59', 'laudantium', '9');
INSERT INTO `photo_albums` (`id`, `name`, `user_id`) VALUES ('60', 'repellendus', '10');
INSERT INTO `photo_albums` (`id`, `name`, `user_id`) VALUES ('61', 'corporis', '11');
INSERT INTO `photo_albums` (`id`, `name`, `user_id`) VALUES ('62', 'consequuntur', '12');
INSERT INTO `photo_albums` (`id`, `name`, `user_id`) VALUES ('63', 'tenetur', '13');
INSERT INTO `photo_albums` (`id`, `name`, `user_id`) VALUES ('64', 'consectetur', '14');
INSERT INTO `photo_albums` (`id`, `name`, `user_id`) VALUES ('65', 'eum', '15');
INSERT INTO `photo_albums` (`id`, `name`, `user_id`) VALUES ('66', 'deleniti', '16');
INSERT INTO `photo_albums` (`id`, `name`, `user_id`) VALUES ('67', 'et', '17');
INSERT INTO `photo_albums` (`id`, `name`, `user_id`) VALUES ('68', 'fuga', '18');
INSERT INTO `photo_albums` (`id`, `name`, `user_id`) VALUES ('69', 'saepe', '19');
INSERT INTO `photo_albums` (`id`, `name`, `user_id`) VALUES ('70', 'aut', '20');
INSERT INTO `photo_albums` (`id`, `name`, `user_id`) VALUES ('71', 'deserunt', '21');
INSERT INTO `photo_albums` (`id`, `name`, `user_id`) VALUES ('72', 'eum', '22');
INSERT INTO `photo_albums` (`id`, `name`, `user_id`) VALUES ('73', 'mollitia', '23');
INSERT INTO `photo_albums` (`id`, `name`, `user_id`) VALUES ('74', 'occaecati', '24');
INSERT INTO `photo_albums` (`id`, `name`, `user_id`) VALUES ('75', 'sequi', '25');
INSERT INTO `photo_albums` (`id`, `name`, `user_id`) VALUES ('76', 'sed', '26');
INSERT INTO `photo_albums` (`id`, `name`, `user_id`) VALUES ('77', 'fugit', '27');
INSERT INTO `photo_albums` (`id`, `name`, `user_id`) VALUES ('78', 'et', '28');
INSERT INTO `photo_albums` (`id`, `name`, `user_id`) VALUES ('79', 'rem', '29');
INSERT INTO `photo_albums` (`id`, `name`, `user_id`) VALUES ('80', 'expedita', '30');
INSERT INTO `photo_albums` (`id`, `name`, `user_id`) VALUES ('81', 'minima', '31');
INSERT INTO `photo_albums` (`id`, `name`, `user_id`) VALUES ('82', 'dolor', '32');
INSERT INTO `photo_albums` (`id`, `name`, `user_id`) VALUES ('83', 'rerum', '33');
INSERT INTO `photo_albums` (`id`, `name`, `user_id`) VALUES ('84', 'sed', '34');
INSERT INTO `photo_albums` (`id`, `name`, `user_id`) VALUES ('85', 'dolor', '35');
INSERT INTO `photo_albums` (`id`, `name`, `user_id`) VALUES ('86', 'sequi', '36');
INSERT INTO `photo_albums` (`id`, `name`, `user_id`) VALUES ('87', 'soluta', '37');
INSERT INTO `photo_albums` (`id`, `name`, `user_id`) VALUES ('88', 'consequatur', '38');
INSERT INTO `photo_albums` (`id`, `name`, `user_id`) VALUES ('89', 'reiciendis', '39');
INSERT INTO `photo_albums` (`id`, `name`, `user_id`) VALUES ('90', 'quod', '40');
INSERT INTO `photo_albums` (`id`, `name`, `user_id`) VALUES ('91', 'eaque', '41');
INSERT INTO `photo_albums` (`id`, `name`, `user_id`) VALUES ('92', 'est', '42');
INSERT INTO `photo_albums` (`id`, `name`, `user_id`) VALUES ('93', 'magni', '43');
INSERT INTO `photo_albums` (`id`, `name`, `user_id`) VALUES ('94', 'qui', '44');
INSERT INTO `photo_albums` (`id`, `name`, `user_id`) VALUES ('95', 'aspernatur', '45');
INSERT INTO `photo_albums` (`id`, `name`, `user_id`) VALUES ('96', 'suscipit', '46');
INSERT INTO `photo_albums` (`id`, `name`, `user_id`) VALUES ('97', 'velit', '47');
INSERT INTO `photo_albums` (`id`, `name`, `user_id`) VALUES ('98', 'vel', '48');
INSERT INTO `photo_albums` (`id`, `name`, `user_id`) VALUES ('99', 'ullam', '49');
INSERT INTO `photo_albums` (`id`, `name`, `user_id`) VALUES ('100', 'expedita', '50');


#
# TABLE STRUCTURE FOR: photos
#


INSERT INTO `photos` (`id`, `album_id`, `media_id`) VALUES ('1', '1', '1');
INSERT INTO `photos` (`id`, `album_id`, `media_id`) VALUES ('2', '2', '2');
INSERT INTO `photos` (`id`, `album_id`, `media_id`) VALUES ('3', '3', '3');
INSERT INTO `photos` (`id`, `album_id`, `media_id`) VALUES ('4', '4', '4');
INSERT INTO `photos` (`id`, `album_id`, `media_id`) VALUES ('5', '5', '5');
INSERT INTO `photos` (`id`, `album_id`, `media_id`) VALUES ('6', '6', '6');
INSERT INTO `photos` (`id`, `album_id`, `media_id`) VALUES ('7', '7', '7');
INSERT INTO `photos` (`id`, `album_id`, `media_id`) VALUES ('8', '8', '8');
INSERT INTO `photos` (`id`, `album_id`, `media_id`) VALUES ('9', '9', '9');
INSERT INTO `photos` (`id`, `album_id`, `media_id`) VALUES ('10', '10', '10');
INSERT INTO `photos` (`id`, `album_id`, `media_id`) VALUES ('11', '11', '11');
INSERT INTO `photos` (`id`, `album_id`, `media_id`) VALUES ('12', '12', '12');
INSERT INTO `photos` (`id`, `album_id`, `media_id`) VALUES ('13', '13', '13');
INSERT INTO `photos` (`id`, `album_id`, `media_id`) VALUES ('14', '14', '14');
INSERT INTO `photos` (`id`, `album_id`, `media_id`) VALUES ('15', '15', '15');
INSERT INTO `photos` (`id`, `album_id`, `media_id`) VALUES ('16', '16', '16');
INSERT INTO `photos` (`id`, `album_id`, `media_id`) VALUES ('17', '17', '17');
INSERT INTO `photos` (`id`, `album_id`, `media_id`) VALUES ('18', '18', '18');
INSERT INTO `photos` (`id`, `album_id`, `media_id`) VALUES ('19', '19', '19');
INSERT INTO `photos` (`id`, `album_id`, `media_id`) VALUES ('20', '20', '20');
INSERT INTO `photos` (`id`, `album_id`, `media_id`) VALUES ('21', '21', '21');
INSERT INTO `photos` (`id`, `album_id`, `media_id`) VALUES ('22', '22', '22');
INSERT INTO `photos` (`id`, `album_id`, `media_id`) VALUES ('23', '23', '23');
INSERT INTO `photos` (`id`, `album_id`, `media_id`) VALUES ('24', '24', '24');
INSERT INTO `photos` (`id`, `album_id`, `media_id`) VALUES ('25', '25', '25');
INSERT INTO `photos` (`id`, `album_id`, `media_id`) VALUES ('26', '26', '26');
INSERT INTO `photos` (`id`, `album_id`, `media_id`) VALUES ('27', '27', '27');
INSERT INTO `photos` (`id`, `album_id`, `media_id`) VALUES ('28', '28', '28');
INSERT INTO `photos` (`id`, `album_id`, `media_id`) VALUES ('29', '29', '29');
INSERT INTO `photos` (`id`, `album_id`, `media_id`) VALUES ('30', '30', '30');
INSERT INTO `photos` (`id`, `album_id`, `media_id`) VALUES ('31', '31', '31');
INSERT INTO `photos` (`id`, `album_id`, `media_id`) VALUES ('32', '32', '32');
INSERT INTO `photos` (`id`, `album_id`, `media_id`) VALUES ('33', '33', '33');
INSERT INTO `photos` (`id`, `album_id`, `media_id`) VALUES ('34', '34', '34');
INSERT INTO `photos` (`id`, `album_id`, `media_id`) VALUES ('35', '35', '35');
INSERT INTO `photos` (`id`, `album_id`, `media_id`) VALUES ('36', '36', '36');
INSERT INTO `photos` (`id`, `album_id`, `media_id`) VALUES ('37', '37', '37');
INSERT INTO `photos` (`id`, `album_id`, `media_id`) VALUES ('38', '38', '38');
INSERT INTO `photos` (`id`, `album_id`, `media_id`) VALUES ('39', '39', '39');
INSERT INTO `photos` (`id`, `album_id`, `media_id`) VALUES ('40', '40', '40');
INSERT INTO `photos` (`id`, `album_id`, `media_id`) VALUES ('41', '41', '41');
INSERT INTO `photos` (`id`, `album_id`, `media_id`) VALUES ('42', '42', '42');
INSERT INTO `photos` (`id`, `album_id`, `media_id`) VALUES ('43', '43', '43');
INSERT INTO `photos` (`id`, `album_id`, `media_id`) VALUES ('44', '44', '44');
INSERT INTO `photos` (`id`, `album_id`, `media_id`) VALUES ('45', '45', '45');
INSERT INTO `photos` (`id`, `album_id`, `media_id`) VALUES ('46', '46', '46');
INSERT INTO `photos` (`id`, `album_id`, `media_id`) VALUES ('47', '47', '47');
INSERT INTO `photos` (`id`, `album_id`, `media_id`) VALUES ('48', '48', '48');
INSERT INTO `photos` (`id`, `album_id`, `media_id`) VALUES ('49', '49', '49');
INSERT INTO `photos` (`id`, `album_id`, `media_id`) VALUES ('50', '50', '50');
INSERT INTO `photos` (`id`, `album_id`, `media_id`) VALUES ('51', '51', '51');
INSERT INTO `photos` (`id`, `album_id`, `media_id`) VALUES ('52', '52', '52');
INSERT INTO `photos` (`id`, `album_id`, `media_id`) VALUES ('53', '53', '53');
INSERT INTO `photos` (`id`, `album_id`, `media_id`) VALUES ('54', '54', '54');
INSERT INTO `photos` (`id`, `album_id`, `media_id`) VALUES ('55', '55', '55');
INSERT INTO `photos` (`id`, `album_id`, `media_id`) VALUES ('56', '56', '56');
INSERT INTO `photos` (`id`, `album_id`, `media_id`) VALUES ('57', '57', '57');
INSERT INTO `photos` (`id`, `album_id`, `media_id`) VALUES ('58', '58', '58');
INSERT INTO `photos` (`id`, `album_id`, `media_id`) VALUES ('59', '59', '59');
INSERT INTO `photos` (`id`, `album_id`, `media_id`) VALUES ('60', '60', '60');
INSERT INTO `photos` (`id`, `album_id`, `media_id`) VALUES ('61', '61', '61');
INSERT INTO `photos` (`id`, `album_id`, `media_id`) VALUES ('62', '62', '62');
INSERT INTO `photos` (`id`, `album_id`, `media_id`) VALUES ('63', '63', '63');
INSERT INTO `photos` (`id`, `album_id`, `media_id`) VALUES ('64', '64', '64');
INSERT INTO `photos` (`id`, `album_id`, `media_id`) VALUES ('65', '65', '65');
INSERT INTO `photos` (`id`, `album_id`, `media_id`) VALUES ('66', '66', '66');
INSERT INTO `photos` (`id`, `album_id`, `media_id`) VALUES ('67', '67', '67');
INSERT INTO `photos` (`id`, `album_id`, `media_id`) VALUES ('68', '68', '68');
INSERT INTO `photos` (`id`, `album_id`, `media_id`) VALUES ('69', '69', '69');
INSERT INTO `photos` (`id`, `album_id`, `media_id`) VALUES ('70', '70', '70');
INSERT INTO `photos` (`id`, `album_id`, `media_id`) VALUES ('71', '71', '71');
INSERT INTO `photos` (`id`, `album_id`, `media_id`) VALUES ('72', '72', '72');
INSERT INTO `photos` (`id`, `album_id`, `media_id`) VALUES ('73', '73', '73');
INSERT INTO `photos` (`id`, `album_id`, `media_id`) VALUES ('74', '74', '74');
INSERT INTO `photos` (`id`, `album_id`, `media_id`) VALUES ('75', '75', '75');
INSERT INTO `photos` (`id`, `album_id`, `media_id`) VALUES ('76', '76', '76');
INSERT INTO `photos` (`id`, `album_id`, `media_id`) VALUES ('77', '77', '77');
INSERT INTO `photos` (`id`, `album_id`, `media_id`) VALUES ('78', '78', '78');
INSERT INTO `photos` (`id`, `album_id`, `media_id`) VALUES ('79', '79', '79');
INSERT INTO `photos` (`id`, `album_id`, `media_id`) VALUES ('80', '80', '80');
INSERT INTO `photos` (`id`, `album_id`, `media_id`) VALUES ('81', '81', '81');
INSERT INTO `photos` (`id`, `album_id`, `media_id`) VALUES ('82', '82', '82');
INSERT INTO `photos` (`id`, `album_id`, `media_id`) VALUES ('83', '83', '83');
INSERT INTO `photos` (`id`, `album_id`, `media_id`) VALUES ('84', '84', '84');
INSERT INTO `photos` (`id`, `album_id`, `media_id`) VALUES ('85', '85', '85');
INSERT INTO `photos` (`id`, `album_id`, `media_id`) VALUES ('86', '86', '86');
INSERT INTO `photos` (`id`, `album_id`, `media_id`) VALUES ('87', '87', '87');
INSERT INTO `photos` (`id`, `album_id`, `media_id`) VALUES ('88', '88', '88');
INSERT INTO `photos` (`id`, `album_id`, `media_id`) VALUES ('89', '89', '89');
INSERT INTO `photos` (`id`, `album_id`, `media_id`) VALUES ('90', '90', '90');
INSERT INTO `photos` (`id`, `album_id`, `media_id`) VALUES ('91', '91', '91');
INSERT INTO `photos` (`id`, `album_id`, `media_id`) VALUES ('92', '92', '92');
INSERT INTO `photos` (`id`, `album_id`, `media_id`) VALUES ('93', '93', '93');
INSERT INTO `photos` (`id`, `album_id`, `media_id`) VALUES ('94', '94', '94');
INSERT INTO `photos` (`id`, `album_id`, `media_id`) VALUES ('95', '95', '95');
INSERT INTO `photos` (`id`, `album_id`, `media_id`) VALUES ('96', '96', '96');
INSERT INTO `photos` (`id`, `album_id`, `media_id`) VALUES ('97', '97', '97');
INSERT INTO `photos` (`id`, `album_id`, `media_id`) VALUES ('98', '98', '98');
INSERT INTO `photos` (`id`, `album_id`, `media_id`) VALUES ('99', '99', '99');
INSERT INTO `photos` (`id`, `album_id`, `media_id`) VALUES ('100', '100', '100');





#
# TABLE STRUCTURE FOR: users_communities
#


INSERT INTO `users_communities` (`user_id`, `community_id`) VALUES ('1', '1');
INSERT INTO `users_communities` (`user_id`, `community_id`) VALUES ('1', '51');
INSERT INTO `users_communities` (`user_id`, `community_id`) VALUES ('2', '2');
INSERT INTO `users_communities` (`user_id`, `community_id`) VALUES ('2', '52');
INSERT INTO `users_communities` (`user_id`, `community_id`) VALUES ('3', '3');
INSERT INTO `users_communities` (`user_id`, `community_id`) VALUES ('3', '53');
INSERT INTO `users_communities` (`user_id`, `community_id`) VALUES ('4', '4');
INSERT INTO `users_communities` (`user_id`, `community_id`) VALUES ('4', '54');
INSERT INTO `users_communities` (`user_id`, `community_id`) VALUES ('5', '5');
INSERT INTO `users_communities` (`user_id`, `community_id`) VALUES ('5', '55');
INSERT INTO `users_communities` (`user_id`, `community_id`) VALUES ('6', '6');
INSERT INTO `users_communities` (`user_id`, `community_id`) VALUES ('6', '56');
INSERT INTO `users_communities` (`user_id`, `community_id`) VALUES ('7', '7');
INSERT INTO `users_communities` (`user_id`, `community_id`) VALUES ('7', '57');
INSERT INTO `users_communities` (`user_id`, `community_id`) VALUES ('8', '8');
INSERT INTO `users_communities` (`user_id`, `community_id`) VALUES ('8', '58');
INSERT INTO `users_communities` (`user_id`, `community_id`) VALUES ('9', '9');
INSERT INTO `users_communities` (`user_id`, `community_id`) VALUES ('9', '59');
INSERT INTO `users_communities` (`user_id`, `community_id`) VALUES ('10', '10');
INSERT INTO `users_communities` (`user_id`, `community_id`) VALUES ('10', '60');
INSERT INTO `users_communities` (`user_id`, `community_id`) VALUES ('11', '11');
INSERT INTO `users_communities` (`user_id`, `community_id`) VALUES ('11', '61');
INSERT INTO `users_communities` (`user_id`, `community_id`) VALUES ('12', '12');
INSERT INTO `users_communities` (`user_id`, `community_id`) VALUES ('12', '62');
INSERT INTO `users_communities` (`user_id`, `community_id`) VALUES ('13', '13');
INSERT INTO `users_communities` (`user_id`, `community_id`) VALUES ('13', '63');
INSERT INTO `users_communities` (`user_id`, `community_id`) VALUES ('14', '14');
INSERT INTO `users_communities` (`user_id`, `community_id`) VALUES ('14', '64');
INSERT INTO `users_communities` (`user_id`, `community_id`) VALUES ('15', '15');
INSERT INTO `users_communities` (`user_id`, `community_id`) VALUES ('15', '65');
INSERT INTO `users_communities` (`user_id`, `community_id`) VALUES ('16', '16');
INSERT INTO `users_communities` (`user_id`, `community_id`) VALUES ('16', '66');
INSERT INTO `users_communities` (`user_id`, `community_id`) VALUES ('17', '17');
INSERT INTO `users_communities` (`user_id`, `community_id`) VALUES ('17', '67');
INSERT INTO `users_communities` (`user_id`, `community_id`) VALUES ('18', '18');
INSERT INTO `users_communities` (`user_id`, `community_id`) VALUES ('18', '68');
INSERT INTO `users_communities` (`user_id`, `community_id`) VALUES ('19', '19');
INSERT INTO `users_communities` (`user_id`, `community_id`) VALUES ('19', '69');
INSERT INTO `users_communities` (`user_id`, `community_id`) VALUES ('20', '20');
INSERT INTO `users_communities` (`user_id`, `community_id`) VALUES ('20', '70');
INSERT INTO `users_communities` (`user_id`, `community_id`) VALUES ('21', '21');
INSERT INTO `users_communities` (`user_id`, `community_id`) VALUES ('21', '71');
INSERT INTO `users_communities` (`user_id`, `community_id`) VALUES ('22', '22');
INSERT INTO `users_communities` (`user_id`, `community_id`) VALUES ('22', '72');
INSERT INTO `users_communities` (`user_id`, `community_id`) VALUES ('23', '23');
INSERT INTO `users_communities` (`user_id`, `community_id`) VALUES ('23', '73');
INSERT INTO `users_communities` (`user_id`, `community_id`) VALUES ('24', '24');
INSERT INTO `users_communities` (`user_id`, `community_id`) VALUES ('24', '74');
INSERT INTO `users_communities` (`user_id`, `community_id`) VALUES ('25', '25');
INSERT INTO `users_communities` (`user_id`, `community_id`) VALUES ('25', '75');
INSERT INTO `users_communities` (`user_id`, `community_id`) VALUES ('26', '26');
INSERT INTO `users_communities` (`user_id`, `community_id`) VALUES ('26', '76');
INSERT INTO `users_communities` (`user_id`, `community_id`) VALUES ('27', '27');
INSERT INTO `users_communities` (`user_id`, `community_id`) VALUES ('27', '77');
INSERT INTO `users_communities` (`user_id`, `community_id`) VALUES ('28', '28');
INSERT INTO `users_communities` (`user_id`, `community_id`) VALUES ('28', '78');
INSERT INTO `users_communities` (`user_id`, `community_id`) VALUES ('29', '29');
INSERT INTO `users_communities` (`user_id`, `community_id`) VALUES ('29', '79');
INSERT INTO `users_communities` (`user_id`, `community_id`) VALUES ('30', '30');
INSERT INTO `users_communities` (`user_id`, `community_id`) VALUES ('30', '80');
INSERT INTO `users_communities` (`user_id`, `community_id`) VALUES ('31', '31');
INSERT INTO `users_communities` (`user_id`, `community_id`) VALUES ('31', '81');
INSERT INTO `users_communities` (`user_id`, `community_id`) VALUES ('32', '32');
INSERT INTO `users_communities` (`user_id`, `community_id`) VALUES ('32', '82');
INSERT INTO `users_communities` (`user_id`, `community_id`) VALUES ('33', '33');
INSERT INTO `users_communities` (`user_id`, `community_id`) VALUES ('33', '83');
INSERT INTO `users_communities` (`user_id`, `community_id`) VALUES ('34', '34');
INSERT INTO `users_communities` (`user_id`, `community_id`) VALUES ('34', '84');
INSERT INTO `users_communities` (`user_id`, `community_id`) VALUES ('35', '35');
INSERT INTO `users_communities` (`user_id`, `community_id`) VALUES ('35', '85');
INSERT INTO `users_communities` (`user_id`, `community_id`) VALUES ('36', '36');
INSERT INTO `users_communities` (`user_id`, `community_id`) VALUES ('36', '86');
INSERT INTO `users_communities` (`user_id`, `community_id`) VALUES ('37', '37');
INSERT INTO `users_communities` (`user_id`, `community_id`) VALUES ('37', '87');
INSERT INTO `users_communities` (`user_id`, `community_id`) VALUES ('38', '38');
INSERT INTO `users_communities` (`user_id`, `community_id`) VALUES ('38', '88');
INSERT INTO `users_communities` (`user_id`, `community_id`) VALUES ('39', '39');
INSERT INTO `users_communities` (`user_id`, `community_id`) VALUES ('39', '89');
INSERT INTO `users_communities` (`user_id`, `community_id`) VALUES ('40', '40');
INSERT INTO `users_communities` (`user_id`, `community_id`) VALUES ('40', '90');
INSERT INTO `users_communities` (`user_id`, `community_id`) VALUES ('41', '41');
INSERT INTO `users_communities` (`user_id`, `community_id`) VALUES ('41', '91');
INSERT INTO `users_communities` (`user_id`, `community_id`) VALUES ('42', '42');
INSERT INTO `users_communities` (`user_id`, `community_id`) VALUES ('42', '92');
INSERT INTO `users_communities` (`user_id`, `community_id`) VALUES ('43', '43');
INSERT INTO `users_communities` (`user_id`, `community_id`) VALUES ('43', '93');
INSERT INTO `users_communities` (`user_id`, `community_id`) VALUES ('44', '44');
INSERT INTO `users_communities` (`user_id`, `community_id`) VALUES ('44', '94');
INSERT INTO `users_communities` (`user_id`, `community_id`) VALUES ('45', '45');
INSERT INTO `users_communities` (`user_id`, `community_id`) VALUES ('45', '95');
INSERT INTO `users_communities` (`user_id`, `community_id`) VALUES ('46', '46');
INSERT INTO `users_communities` (`user_id`, `community_id`) VALUES ('46', '96');
INSERT INTO `users_communities` (`user_id`, `community_id`) VALUES ('47', '47');
INSERT INTO `users_communities` (`user_id`, `community_id`) VALUES ('47', '97');
INSERT INTO `users_communities` (`user_id`, `community_id`) VALUES ('48', '48');
INSERT INTO `users_communities` (`user_id`, `community_id`) VALUES ('48', '98');
INSERT INTO `users_communities` (`user_id`, `community_id`) VALUES ('49', '49');
INSERT INTO `users_communities` (`user_id`, `community_id`) VALUES ('49', '99');
INSERT INTO `users_communities` (`user_id`, `community_id`) VALUES ('50', '50');
INSERT INTO `users_communities` (`user_id`, `community_id`) VALUES ('50', '100');


#
# TABLE STRUCTURE FOR: videos
#


INSERT INTO `videos` (`id`, `name`, `user_id`, `media_id`, `created_at`) VALUES ('1', 'mollitia', '1', '1', '1988-12-18 02:28:14');
INSERT INTO `videos` (`id`, `name`, `user_id`, `media_id`, `created_at`) VALUES ('2', 'fugit', '2', '2', '2000-08-13 07:14:20');
INSERT INTO `videos` (`id`, `name`, `user_id`, `media_id`, `created_at`) VALUES ('3', 'error', '3', '3', '2000-12-10 05:05:51');
INSERT INTO `videos` (`id`, `name`, `user_id`, `media_id`, `created_at`) VALUES ('4', 'accusamus', '4', '4', '2006-02-18 18:04:23');
INSERT INTO `videos` (`id`, `name`, `user_id`, `media_id`, `created_at`) VALUES ('5', 'fugit', '5', '5', '1971-01-31 01:16:15');
INSERT INTO `videos` (`id`, `name`, `user_id`, `media_id`, `created_at`) VALUES ('6', 'et', '6', '6', '1972-08-12 12:58:05');
INSERT INTO `videos` (`id`, `name`, `user_id`, `media_id`, `created_at`) VALUES ('7', 'voluptas', '7', '7', '2011-06-11 00:01:59');
INSERT INTO `videos` (`id`, `name`, `user_id`, `media_id`, `created_at`) VALUES ('8', 'rerum', '8', '8', '1986-08-31 12:24:41');
INSERT INTO `videos` (`id`, `name`, `user_id`, `media_id`, `created_at`) VALUES ('9', 'beatae', '9', '9', '2008-06-05 14:13:51');
INSERT INTO `videos` (`id`, `name`, `user_id`, `media_id`, `created_at`) VALUES ('10', 'placeat', '10', '10', '2015-04-30 07:56:15');
INSERT INTO `videos` (`id`, `name`, `user_id`, `media_id`, `created_at`) VALUES ('11', 'architecto', '11', '11', '2009-03-17 06:32:20');
INSERT INTO `videos` (`id`, `name`, `user_id`, `media_id`, `created_at`) VALUES ('12', 'est', '12', '12', '1981-10-05 00:45:53');
INSERT INTO `videos` (`id`, `name`, `user_id`, `media_id`, `created_at`) VALUES ('13', 'est', '13', '13', '1998-04-12 21:31:58');
INSERT INTO `videos` (`id`, `name`, `user_id`, `media_id`, `created_at`) VALUES ('14', 'tempora', '14', '14', '1987-12-12 02:46:23');
INSERT INTO `videos` (`id`, `name`, `user_id`, `media_id`, `created_at`) VALUES ('15', 'corporis', '15', '15', '1978-02-26 17:17:04');
INSERT INTO `videos` (`id`, `name`, `user_id`, `media_id`, `created_at`) VALUES ('16', 'consectetur', '16', '16', '1974-12-30 18:35:05');
INSERT INTO `videos` (`id`, `name`, `user_id`, `media_id`, `created_at`) VALUES ('17', 'et', '17', '17', '1992-09-07 15:31:40');
INSERT INTO `videos` (`id`, `name`, `user_id`, `media_id`, `created_at`) VALUES ('18', 'atque', '18', '18', '1993-01-13 08:52:24');
INSERT INTO `videos` (`id`, `name`, `user_id`, `media_id`, `created_at`) VALUES ('19', 'ipsam', '19', '19', '1974-10-30 23:05:06');
INSERT INTO `videos` (`id`, `name`, `user_id`, `media_id`, `created_at`) VALUES ('20', 'quia', '20', '20', '2004-11-04 03:12:49');
INSERT INTO `videos` (`id`, `name`, `user_id`, `media_id`, `created_at`) VALUES ('21', 'et', '21', '21', '1984-05-03 22:09:26');
INSERT INTO `videos` (`id`, `name`, `user_id`, `media_id`, `created_at`) VALUES ('22', 'enim', '22', '22', '2003-12-03 04:27:39');
INSERT INTO `videos` (`id`, `name`, `user_id`, `media_id`, `created_at`) VALUES ('23', 'ad', '23', '23', '1999-06-09 22:05:35');
INSERT INTO `videos` (`id`, `name`, `user_id`, `media_id`, `created_at`) VALUES ('24', 'commodi', '24', '24', '1989-05-03 05:13:25');
INSERT INTO `videos` (`id`, `name`, `user_id`, `media_id`, `created_at`) VALUES ('25', 'maxime', '25', '25', '2005-01-25 16:51:56');
INSERT INTO `videos` (`id`, `name`, `user_id`, `media_id`, `created_at`) VALUES ('26', 'mollitia', '26', '26', '2012-08-30 14:50:54');
INSERT INTO `videos` (`id`, `name`, `user_id`, `media_id`, `created_at`) VALUES ('27', 'ut', '27', '27', '1971-08-07 07:49:14');
INSERT INTO `videos` (`id`, `name`, `user_id`, `media_id`, `created_at`) VALUES ('28', 'amet', '28', '28', '1978-05-28 08:20:04');
INSERT INTO `videos` (`id`, `name`, `user_id`, `media_id`, `created_at`) VALUES ('29', 'et', '29', '29', '2000-06-04 20:36:21');
INSERT INTO `videos` (`id`, `name`, `user_id`, `media_id`, `created_at`) VALUES ('30', 'velit', '30', '30', '1971-05-15 20:46:34');
INSERT INTO `videos` (`id`, `name`, `user_id`, `media_id`, `created_at`) VALUES ('31', 'et', '31', '31', '1986-04-13 22:56:10');
INSERT INTO `videos` (`id`, `name`, `user_id`, `media_id`, `created_at`) VALUES ('32', 'animi', '32', '32', '1992-05-14 03:14:04');
INSERT INTO `videos` (`id`, `name`, `user_id`, `media_id`, `created_at`) VALUES ('33', 'praesentium', '33', '33', '1998-12-31 06:04:03');
INSERT INTO `videos` (`id`, `name`, `user_id`, `media_id`, `created_at`) VALUES ('34', 'earum', '34', '34', '1990-04-30 23:30:30');
INSERT INTO `videos` (`id`, `name`, `user_id`, `media_id`, `created_at`) VALUES ('35', 'ex', '35', '35', '2007-12-12 11:23:37');
INSERT INTO `videos` (`id`, `name`, `user_id`, `media_id`, `created_at`) VALUES ('36', 'perferendis', '36', '36', '1974-07-17 02:53:00');
INSERT INTO `videos` (`id`, `name`, `user_id`, `media_id`, `created_at`) VALUES ('37', 'amet', '37', '37', '1986-04-29 21:10:28');
INSERT INTO `videos` (`id`, `name`, `user_id`, `media_id`, `created_at`) VALUES ('38', 'reprehenderit', '38', '38', '1985-12-01 20:34:17');
INSERT INTO `videos` (`id`, `name`, `user_id`, `media_id`, `created_at`) VALUES ('39', 'est', '39', '39', '2004-01-30 14:58:41');
INSERT INTO `videos` (`id`, `name`, `user_id`, `media_id`, `created_at`) VALUES ('40', 'laboriosam', '40', '40', '1994-01-03 22:26:27');
INSERT INTO `videos` (`id`, `name`, `user_id`, `media_id`, `created_at`) VALUES ('41', 'quisquam', '41', '41', '2015-03-18 22:41:45');
INSERT INTO `videos` (`id`, `name`, `user_id`, `media_id`, `created_at`) VALUES ('42', 'sequi', '42', '42', '1990-07-11 08:09:13');
INSERT INTO `videos` (`id`, `name`, `user_id`, `media_id`, `created_at`) VALUES ('43', 'consequatur', '43', '43', '2001-09-20 02:17:42');
INSERT INTO `videos` (`id`, `name`, `user_id`, `media_id`, `created_at`) VALUES ('44', 'fugit', '44', '44', '2013-08-10 15:49:34');
INSERT INTO `videos` (`id`, `name`, `user_id`, `media_id`, `created_at`) VALUES ('45', 'sed', '45', '45', '2001-11-09 22:07:09');
INSERT INTO `videos` (`id`, `name`, `user_id`, `media_id`, `created_at`) VALUES ('46', 'doloribus', '46', '46', '2018-02-27 23:42:49');
INSERT INTO `videos` (`id`, `name`, `user_id`, `media_id`, `created_at`) VALUES ('47', 'dolor', '47', '47', '2003-10-13 14:07:17');
INSERT INTO `videos` (`id`, `name`, `user_id`, `media_id`, `created_at`) VALUES ('48', 'doloremque', '48', '48', '1979-03-04 10:27:11');
INSERT INTO `videos` (`id`, `name`, `user_id`, `media_id`, `created_at`) VALUES ('49', 'voluptates', '49', '49', '1983-10-21 17:45:39');
INSERT INTO `videos` (`id`, `name`, `user_id`, `media_id`, `created_at`) VALUES ('50', 'nesciunt', '50', '50', '1970-04-11 07:21:03');
INSERT INTO `videos` (`id`, `name`, `user_id`, `media_id`, `created_at`) VALUES ('51', 'optio', '1', '51', '1991-05-29 05:15:50');
INSERT INTO `videos` (`id`, `name`, `user_id`, `media_id`, `created_at`) VALUES ('52', 'perspiciatis', '2', '52', '2019-11-11 05:18:09');
INSERT INTO `videos` (`id`, `name`, `user_id`, `media_id`, `created_at`) VALUES ('53', 'ut', '3', '53', '1977-11-26 19:39:48');
INSERT INTO `videos` (`id`, `name`, `user_id`, `media_id`, `created_at`) VALUES ('54', 'rem', '4', '54', '1982-07-16 08:28:07');
INSERT INTO `videos` (`id`, `name`, `user_id`, `media_id`, `created_at`) VALUES ('55', 'et', '5', '55', '2017-03-28 15:20:40');
INSERT INTO `videos` (`id`, `name`, `user_id`, `media_id`, `created_at`) VALUES ('56', 'ratione', '6', '56', '1971-05-08 05:16:08');
INSERT INTO `videos` (`id`, `name`, `user_id`, `media_id`, `created_at`) VALUES ('57', 'vel', '7', '57', '2004-10-12 16:51:29');
INSERT INTO `videos` (`id`, `name`, `user_id`, `media_id`, `created_at`) VALUES ('58', 'consectetur', '8', '58', '1974-11-29 07:20:59');
INSERT INTO `videos` (`id`, `name`, `user_id`, `media_id`, `created_at`) VALUES ('59', 'pariatur', '9', '59', '1982-04-04 03:19:12');
INSERT INTO `videos` (`id`, `name`, `user_id`, `media_id`, `created_at`) VALUES ('60', 'sunt', '10', '60', '2018-03-07 10:12:50');
INSERT INTO `videos` (`id`, `name`, `user_id`, `media_id`, `created_at`) VALUES ('61', 'exercitationem', '11', '61', '2008-08-01 08:19:48');
INSERT INTO `videos` (`id`, `name`, `user_id`, `media_id`, `created_at`) VALUES ('62', 'non', '12', '62', '2007-11-26 06:33:16');
INSERT INTO `videos` (`id`, `name`, `user_id`, `media_id`, `created_at`) VALUES ('63', 'corrupti', '13', '63', '2004-07-01 17:51:38');
INSERT INTO `videos` (`id`, `name`, `user_id`, `media_id`, `created_at`) VALUES ('64', 'laborum', '14', '64', '1972-08-12 01:30:08');
INSERT INTO `videos` (`id`, `name`, `user_id`, `media_id`, `created_at`) VALUES ('65', 'quam', '15', '65', '2009-02-28 16:16:07');
INSERT INTO `videos` (`id`, `name`, `user_id`, `media_id`, `created_at`) VALUES ('66', 'ut', '16', '66', '1975-08-31 03:36:45');
INSERT INTO `videos` (`id`, `name`, `user_id`, `media_id`, `created_at`) VALUES ('67', 'in', '17', '67', '1999-01-23 13:53:05');
INSERT INTO `videos` (`id`, `name`, `user_id`, `media_id`, `created_at`) VALUES ('68', 'rerum', '18', '68', '2016-04-06 03:31:30');
INSERT INTO `videos` (`id`, `name`, `user_id`, `media_id`, `created_at`) VALUES ('69', 'sed', '19', '69', '2008-04-24 16:22:06');
INSERT INTO `videos` (`id`, `name`, `user_id`, `media_id`, `created_at`) VALUES ('70', 'cumque', '20', '70', '1999-11-03 10:25:45');
INSERT INTO `videos` (`id`, `name`, `user_id`, `media_id`, `created_at`) VALUES ('71', 'est', '21', '71', '1978-03-02 02:42:59');
INSERT INTO `videos` (`id`, `name`, `user_id`, `media_id`, `created_at`) VALUES ('72', 'accusamus', '22', '72', '1972-04-18 05:47:08');
INSERT INTO `videos` (`id`, `name`, `user_id`, `media_id`, `created_at`) VALUES ('73', 'porro', '23', '73', '2001-12-23 15:32:28');
INSERT INTO `videos` (`id`, `name`, `user_id`, `media_id`, `created_at`) VALUES ('74', 'quam', '24', '74', '2012-02-05 21:08:58');
INSERT INTO `videos` (`id`, `name`, `user_id`, `media_id`, `created_at`) VALUES ('75', 'mollitia', '25', '75', '2006-02-20 01:57:04');
INSERT INTO `videos` (`id`, `name`, `user_id`, `media_id`, `created_at`) VALUES ('76', 'itaque', '26', '76', '1977-10-12 17:45:57');
INSERT INTO `videos` (`id`, `name`, `user_id`, `media_id`, `created_at`) VALUES ('77', 'et', '27', '77', '1976-02-02 03:44:31');
INSERT INTO `videos` (`id`, `name`, `user_id`, `media_id`, `created_at`) VALUES ('78', 'vero', '28', '78', '2007-07-14 21:00:41');
INSERT INTO `videos` (`id`, `name`, `user_id`, `media_id`, `created_at`) VALUES ('79', 'ducimus', '29', '79', '2010-10-22 10:39:59');
INSERT INTO `videos` (`id`, `name`, `user_id`, `media_id`, `created_at`) VALUES ('80', 'quis', '30', '80', '1980-03-19 17:07:09');
INSERT INTO `videos` (`id`, `name`, `user_id`, `media_id`, `created_at`) VALUES ('81', 'ea', '31', '81', '1984-06-09 15:11:41');
INSERT INTO `videos` (`id`, `name`, `user_id`, `media_id`, `created_at`) VALUES ('82', 'repellat', '32', '82', '1986-12-25 01:10:29');
INSERT INTO `videos` (`id`, `name`, `user_id`, `media_id`, `created_at`) VALUES ('83', 'aspernatur', '33', '83', '2005-09-11 00:45:50');
INSERT INTO `videos` (`id`, `name`, `user_id`, `media_id`, `created_at`) VALUES ('84', 'rerum', '34', '84', '1984-12-29 05:15:48');
INSERT INTO `videos` (`id`, `name`, `user_id`, `media_id`, `created_at`) VALUES ('85', 'tempora', '35', '85', '1978-12-19 14:05:21');
INSERT INTO `videos` (`id`, `name`, `user_id`, `media_id`, `created_at`) VALUES ('86', 'deleniti', '36', '86', '1999-09-12 23:35:24');
INSERT INTO `videos` (`id`, `name`, `user_id`, `media_id`, `created_at`) VALUES ('87', 'ut', '37', '87', '2017-02-24 00:16:54');
INSERT INTO `videos` (`id`, `name`, `user_id`, `media_id`, `created_at`) VALUES ('88', 'veritatis', '38', '88', '2017-02-12 14:38:58');
INSERT INTO `videos` (`id`, `name`, `user_id`, `media_id`, `created_at`) VALUES ('89', 'culpa', '39', '89', '1977-11-06 21:14:22');
INSERT INTO `videos` (`id`, `name`, `user_id`, `media_id`, `created_at`) VALUES ('90', 'voluptatum', '40', '90', '2003-06-17 10:41:39');
INSERT INTO `videos` (`id`, `name`, `user_id`, `media_id`, `created_at`) VALUES ('91', 'repellat', '41', '91', '2005-12-22 05:30:42');
INSERT INTO `videos` (`id`, `name`, `user_id`, `media_id`, `created_at`) VALUES ('92', 'delectus', '42', '92', '1972-03-20 13:32:33');
INSERT INTO `videos` (`id`, `name`, `user_id`, `media_id`, `created_at`) VALUES ('93', 'sit', '43', '93', '1972-02-11 09:43:36');
INSERT INTO `videos` (`id`, `name`, `user_id`, `media_id`, `created_at`) VALUES ('94', 'vel', '44', '94', '1979-02-27 14:12:18');
INSERT INTO `videos` (`id`, `name`, `user_id`, `media_id`, `created_at`) VALUES ('95', 'ex', '45', '95', '1990-06-03 02:52:41');
INSERT INTO `videos` (`id`, `name`, `user_id`, `media_id`, `created_at`) VALUES ('96', 'vitae', '46', '96', '2018-07-16 07:34:02');
INSERT INTO `videos` (`id`, `name`, `user_id`, `media_id`, `created_at`) VALUES ('97', 'qui', '47', '97', '2019-07-14 03:03:00');
INSERT INTO `videos` (`id`, `name`, `user_id`, `media_id`, `created_at`) VALUES ('98', 'et', '48', '98', '1989-07-15 13:17:23');
INSERT INTO `videos` (`id`, `name`, `user_id`, `media_id`, `created_at`) VALUES ('99', 'odit', '49', '99', '1976-02-26 15:33:33');
INSERT INTO `videos` (`id`, `name`, `user_id`, `media_id`, `created_at`) VALUES ('100', 'saepe', '50', '100', '1995-04-29 04:03:29');


